{
  "authKey": "lkTUG5CHQDiw0qOy0DnPp5__9Hze30tul-TaPw1goYk=",
  "addons": [
    {
      "manifest": {
        "id": "com.linvo.cinemeta",
        "version": "3.0.11",
        "name": "Cinemeta",
        "contactEmail": null,
        "description": "The official addon for movie and series catalogs",
        "logo": null,
        "background": null,
        "types": ["movie", "series"],
        "resources": ["catalog", "meta", "addon_catalog"],
        "idPrefixes": ["tt"],
        "catalogs": [
          {
            "id": "top",
            "type": "movie",
            "name": "Popular",
            "extra": [
              {
                "name": "genre",
                "isRequired": false,
                "options": [
                  "Action",
                  "Adventure",
                  "Animation",
                  "Biography",
                  "Comedy",
                  "Crime",
                  "Documentary",
                  "Drama",
                  "Family",
                  "Fantasy",
                  "History",
                  "Horror",
                  "Mystery",
                  "Romance",
                  "Sci-Fi",
                  "Sport",
                  "Thriller",
                  "War",
                  "Western"
                ],
                "optionsLimit": 1
              },
              {
                "name": "search",
                "isRequired": false,
                "options": [],
                "optionsLimit": 1
              },
              {
                "name": "skip",
                "isRequired": false,
                "options": [],
                "optionsLimit": 1
              }
            ]
          },
          {
            "id": "top",
            "type": "series",
            "name": "Popular",
            "extra": [
              {
                "name": "genre",
                "isRequired": false,
                "options": [
                  "Action",
                  "Adventure",
                  "Animation",
                  "Biography",
                  "Comedy",
                  "Crime",
                  "Documentary",
                  "Drama",
                  "Family",
                  "Fantasy",
                  "History",
                  "Horror",
                  "Mystery",
                  "Romance",
                  "Sci-Fi",
                  "Sport",
                  "Thriller",
                  "War",
                  "Western",
                  "Reality-TV",
                  "Talk-Show",
                  "Game-Show"
                ],
                "optionsLimit": 1
              },
              {
                "name": "search",
                "isRequired": false,
                "options": [],
                "optionsLimit": 1
              },
              {
                "name": "skip",
                "isRequired": false,
                "options": [],
                "optionsLimit": 1
              }
            ]
          },
          {
            "id": "year",
            "type": "movie",
            "name": "New",
            "extra": [
              {
                "name": "genre",
                "isRequired": true,
                "options": [
                  "2024",
                  "2023",
                  "2022",
                  "2021",
                  "2020",
                  "2019",
                  "2018",
                  "2017",
                  "2016",
                  "2015",
                  "2014",
                  "2013",
                  "2012",
                  "2011",
                  "2010",
                  "2009",
                  "2008",
                  "2007",
                  "2006",
                  "2005",
                  "2004",
                  "2003",
                  "2002",
                  "2001",
                  "2000",
                  "1999",
                  "1998",
                  "1997",
                  "1996",
                  "1995",
                  "1994",
                  "1993",
                  "1992",
                  "1991",
                  "1990",
                  "1989",
                  "1988",
                  "1987",
                  "1986",
                  "1985",
                  "1984",
                  "1983",
                  "1982",
                  "1981",
                  "1980",
                  "1979",
                  "1978",
                  "1977",
                  "1976",
                  "1975",
                  "1974",
                  "1973",
                  "1972",
                  "1971",
                  "1970",
                  "1969",
                  "1968",
                  "1967",
                  "1966",
                  "1965",
                  "1964",
                  "1963",
                  "1962",
                  "1961",
                  "1960",
                  "1959",
                  "1958",
                  "1957",
                  "1956",
                  "1955",
                  "1954",
                  "1953",
                  "1952",
                  "1951",
                  "1950",
                  "1949",
                  "1948",
                  "1947",
                  "1946",
                  "1945",
                  "1944",
                  "1943",
                  "1942",
                  "1941",
                  "1940",
                  "1939",
                  "1938",
                  "1937",
                  "1936",
                  "1935",
                  "1934",
                  "1933",
                  "1932",
                  "1931",
                  "1930",
                  "1929",
                  "1928",
                  "1927",
                  "1926",
                  "1925",
                  "1924",
                  "1923",
                  "1922",
                  "1921",
                  "1920"
                ],
                "optionsLimit": 1
              },
              {
                "name": "skip",
                "isRequired": false,
                "options": [],
                "optionsLimit": 1
              }
            ]
          },
          {
            "id": "year",
            "type": "series",
            "name": "New",
            "extra": [
              {
                "name": "genre",
                "isRequired": true,
                "options": [
                  "2024",
                  "2023",
                  "2022",
                  "2021",
                  "2020",
                  "2019",
                  "2018",
                  "2017",
                  "2016",
                  "2015",
                  "2014",
                  "2013",
                  "2012",
                  "2011",
                  "2010",
                  "2009",
                  "2008",
                  "2007",
                  "2006",
                  "2005",
                  "2004",
                  "2003",
                  "2002",
                  "2001",
                  "2000",
                  "1999",
                  "1998",
                  "1997",
                  "1996",
                  "1995",
                  "1994",
                  "1993",
                  "1992",
                  "1991",
                  "1990",
                  "1989",
                  "1988",
                  "1987",
                  "1986",
                  "1985",
                  "1984",
                  "1983",
                  "1982",
                  "1981",
                  "1980",
                  "1979",
                  "1978",
                  "1977",
                  "1976",
                  "1975",
                  "1974",
                  "1973",
                  "1972",
                  "1971",
                  "1970",
                  "1969",
                  "1968",
                  "1967",
                  "1966",
                  "1965",
                  "1964",
                  "1963",
                  "1962",
                  "1961",
                  "1960"
                ],
                "optionsLimit": 1
              },
              {
                "name": "skip",
                "isRequired": false,
                "options": [],
                "optionsLimit": 1
              }
            ]
          },
          {
            "id": "imdbRating",
            "type": "movie",
            "name": "Featured",
            "extra": [
              {
                "name": "genre",
                "isRequired": false,
                "options": [
                  "Action",
                  "Adventure",
                  "Animation",
                  "Biography",
                  "Comedy",
                  "Crime",
                  "Documentary",
                  "Drama",
                  "Family",
                  "Fantasy",
                  "History",
                  "Horror",
                  "Mystery",
                  "Romance",
                  "Sci-Fi",
                  "Sport",
                  "Thriller",
                  "War",
                  "Western"
                ],
                "optionsLimit": 1
              },
              {
                "name": "skip",
                "isRequired": false,
                "options": [],
                "optionsLimit": 1
              }
            ]
          },
          {
            "id": "imdbRating",
            "type": "series",
            "name": "Featured",
            "extra": [
              {
                "name": "genre",
                "isRequired": false,
                "options": [
                  "Action",
                  "Adventure",
                  "Animation",
                  "Biography",
                  "Comedy",
                  "Crime",
                  "Documentary",
                  "Drama",
                  "Family",
                  "Fantasy",
                  "History",
                  "Horror",
                  "Mystery",
                  "Romance",
                  "Sci-Fi",
                  "Sport",
                  "Thriller",
                  "War",
                  "Western",
                  "Reality-TV",
                  "Talk-Show",
                  "Game-Show"
                ],
                "optionsLimit": 1
              },
              {
                "name": "skip",
                "isRequired": false,
                "options": [],
                "optionsLimit": 1
              }
            ]
          },
          {
            "id": "last-videos",
            "type": "series",
            "name": "Last videos",
            "extra": [
              {
                "name": "lastVideosIds",
                "isRequired": true,
                "options": [],
                "optionsLimit": 100
              }
            ]
          }
        ],
        "addonCatalogs": [
          {
            "id": "official",
            "type": "all",
            "name": "Official",
            "extraRequired": [],
            "extraSupported": []
          },
          {
            "id": "official",
            "type": "movie",
            "name": "Official",
            "extraRequired": [],
            "extraSupported": []
          },
          {
            "id": "official",
            "type": "series",
            "name": "Official",
            "extraRequired": [],
            "extraSupported": []
          },
          {
            "id": "official",
            "type": "channel",
            "name": "Official",
            "extraRequired": [],
            "extraSupported": []
          },
          {
            "id": "community",
            "type": "all",
            "name": "Community",
            "extraRequired": [],
            "extraSupported": []
          },
          {
            "id": "community",
            "type": "movie",
            "name": "Community",
            "extraRequired": [],
            "extraSupported": []
          },
          {
            "id": "community",
            "type": "series",
            "name": "Community",
            "extraRequired": [],
            "extraSupported": []
          },
          {
            "id": "community",
            "type": "channel",
            "name": "Community",
            "extraRequired": [],
            "extraSupported": []
          },
          {
            "id": "community",
            "type": "tv",
            "name": "Community",
            "extraRequired": [],
            "extraSupported": []
          },
          {
            "id": "community",
            "type": "Podcasts",
            "name": "Community",
            "extraRequired": [],
            "extraSupported": []
          },
          {
            "id": "community",
            "type": "other",
            "name": "Community",
            "extraRequired": [],
            "extraSupported": []
          }
        ],
        "behaviorHints": {
          "adult": false,
          "p2p": false,
          "configurable": false,
          "configurationRequired": false
        }
      },
      "transportUrl": "https://v3-cinemeta.strem.io/manifest.json",
      "flags": { "official": true, "protected": true }
    },
    {
      "manifest": {
        "id": "org.stremio.opensubtitlesv3",
        "version": "1.0.0",
        "name": "OpenSubtitles v3",
        "contactEmail": null,
        "description": null,
        "logo": null,
        "background": null,
        "types": ["movie", "series"],
        "resources": ["subtitles"],
        "idPrefixes": ["tt"],
        "catalogs": [],
        "addonCatalogs": [],
        "behaviorHints": {
          "adult": false,
          "p2p": false,
          "configurable": false,
          "configurationRequired": false
        }
      },
      "transportUrl": "https://opensubtitles-v3.strem.io/manifest.json",
      "flags": { "official": true, "protected": false }
    },
    {
      "manifest": {
        "id": "org.stremio.opensubtitles",
        "version": "0.24.0",
        "name": "OpenSubtitles",
        "contactEmail": null,
        "description": "The official add-on for subtitles from OpenSubtitles",
        "logo": "http://www.strem.io/images/addons/opensubtitles-logo.png",
        "background": null,
        "types": ["series", "movie", "other"],
        "resources": ["subtitles"],
        "idPrefixes": null,
        "catalogs": [],
        "addonCatalogs": [],
        "behaviorHints": {
          "adult": false,
          "p2p": false,
          "configurable": false,
          "configurationRequired": false
        }
      },
      "transportUrl": "https://opensubtitles.strem.io/stremio/v1",
      "flags": { "official": true, "protected": false }
    },
    {
      "manifest": {
        "id": "org.stremio.local",
        "version": "1.10.0",
        "name": "Local Files (without catalog support)",
        "contactEmail": null,
        "description": "Local add-on to find playable files: .torrent, .mp4, .mkv and .avi",
        "logo": null,
        "background": null,
        "types": ["movie", "series", "other"],
        "resources": [
          {
            "name": "meta",
            "types": ["other"],
            "idPrefixes": ["local:", "bt:"]
          },
          {
            "name": "stream",
            "types": ["movie", "series"],
            "idPrefixes": ["tt"]
          }
        ],
        "idPrefixes": null,
        "catalogs": [],
        "addonCatalogs": [],
        "behaviorHints": {
          "adult": false,
          "p2p": false,
          "configurable": false,
          "configurationRequired": false
        }
      },
      "transportUrl": "http://127.0.0.1:11470/local-addon/manifest.json",
      "flags": { "official": true, "protected": true }
    },
    {
      "manifest": {
        "id": "com.stremio.torrentio.addon",
        "version": "0.0.14",
        "name": "Torrentio+",
        "contactEmail": null,
        "description": "Provides torrent streams from scraped torrent providers. Currently supports YTS(+), EZTV(+), RARBG(+), 1337x(+), ThePirateBay(+), KickassTorrents(+), TorrentGalaxy(+), MagnetDL(+), HorribleSubs(+), NyaaSi(+), TokyoTosho(+), AniDex(+), Rutor(+), Rutracker(+), Comando(+), BluDV(+), Torrent9(+), MejorTorrent(+), Cinecalidad(+) and Premiumize enabled.",
        "logo": "https://i.ibb.co/w4BnkC9/GwxAcDV.png",
        "background": "https://i.ibb.co/VtSfFP9/t8wVwcg.jpg",
        "types": ["movie", "series", "anime", "other"],
        "resources": [
          {
            "name": "stream",
            "types": ["movie", "series"],
            "idPrefixes": ["tt", "kitsu"]
          }
        ],
        "idPrefixes": null,
        "catalogs": [],
        "addonCatalogs": [],
        "behaviorHints": {
          "adult": false,
          "p2p": false,
          "configurable": true,
          "configurationRequired": false
        }
      },
      "transportUrl": "http://torrentio.strem.fun/realdebrid=O5HAAKQL53OTVGM7AEQWAJOIZCHRB4YUWG5SN2D4KZJBKKMWWTCQ|premiumize=ut3338kg5m8fnh9h/manifest.json",
      "flags": { "official": false, "protected": false }
    },
    {
      "manifest": {
        "id": "com.stremio.thepiratebay.plus",
        "version": "1.4.0",
        "name": "ThePirateBay+",
        "description": "Search for movies, series and anime from ThePirateBay",
        "catalogs": [],
        "resources": ["stream"],
        "types": ["movie", "series"],
        "idPrefixes": ["tt"],
        "background": "https://i.imgur.com/t8wVwcg.jpg",
        "logo": "https://i.imgur.com/dPa2clS.png"
      },
      "transportUrl": "https://thepiratebay-plus.strem.fun/manifest.json",
      "flags": { "official": false, "protected": false }
    },
    {
      "manifest": {
        "id": "org.keopps.peerflix",
        "version": "1.2.0",
        "name": "Peerflix+",
        "description": "Peerflix addon to fetch movies and series torrents from different sources. With content mostly in English and Spanish (from Spain).",
        "logo": "https://play-lh.googleusercontent.com/E1S8D-ckRQiZUT5RnaAR4d5my95HH6ykCiOeuMVt54Q6QcWv8Rq_MNoveHKBiiJtN1w=w240-h480-rw",
        "catalogs": [],
        "resources": ["stream"],
        "types": ["movie", "series"],
        "idPrefixes": ["tt"]
      },
      "transportUrl": "https://peerflix-235ac-default-rtdb.europe-west1.firebasedatabase.app/manifest.json",
      "flags": { "official": false, "protected": false }
    },
    {
      "manifest": {
        "id": "community.superflix",
        "version": "1.0.0",
        "name": "Superflix+",
        "contactEmail": null,
        "description": "Stream online from multiple 3rd party meta-sources",
        "logo": "https://i.ibb.co/qDdf37S/play-store-512.png",
        "background": "https://github.com/Stremio/stremio-art/raw/main/originals/shino.png",
        "types": ["movie", "series"],
        "resources": ["stream"],
        "idPrefixes": null,
        "catalogs": [],
        "addonCatalogs": [],
        "behaviorHints": {
          "adult": false,
          "p2p": false,
          "configurable": false,
          "configurationRequired": false
        }
      },
      "transportUrl": "https://23dfbfad8cb2-stremio-addon-superflix.baby-beamup.club/177387086390162330000/manifest.json",
      "flags": { "official": false, "protected": false }
    },
    {
      "manifest": {
        "id": "marcojoao.ml.cyberflix.catalog",
        "version": "1.3.8",
        "name": "Cyberflix Catalog",
        "contactEmail": null,
        "description": "Cyberflix Catalog, an add-on for Stremio, aggregates catalogs from the most popular steaming platforms such as Netflix, Amazon Prime, Hulu and also specific catalogs for kids, Asian content and anime.",
        "logo": "https://82d7ae415a21-llama-catalog.baby-beamup.club/static/assets/logo.png",
        "background": null,
        "types": ["series", "movie"],
        "resources": [],
        "idPrefixes": null,
        "catalogs": [
          {
            "id": "premieres.movie",
            "type": "movie",
            "name": "Premieres",
            "extra": [
              {
                "name": "genre",
                "isRequired": false,
                "options": [
                  "Action",
                  "Adventure",
                  "Animation",
                  "Comedy",
                  "Crime",
                  "Documentary",
                  "Drama",
                  "Family",
                  "Fantasy",
                  "History",
                  "Horror",
                  "Mystery",
                  "Romance",
                  "Sci-Fi",
                  "Thriller"
                ],
                "optionsLimit": 1
              },
              {
                "name": "skip",
                "isRequired": false,
                "options": [],
                "optionsLimit": 1
              }
            ]
          },
          {
            "id": "premieres.series",
            "type": "series",
            "name": "Premieres",
            "extra": [
              {
                "name": "genre",
                "isRequired": false,
                "options": [
                  "Action &amp; Adventure",
                  "Animation",
                  "Comedy",
                  "Crime",
                  "Documentary",
                  "Drama",
                  "Family",
                  "Mystery",
                  "Reality-TV",
                  "Sci-Fi &amp; Fantasy"
                ],
                "optionsLimit": 1
              },
              {
                "name": "skip",
                "isRequired": false,
                "options": [],
                "optionsLimit": 1
              }
            ]
          },
          {
            "id": "trending.movie",
            "type": "movie",
            "name": "Trending",
            "extra": [
              {
                "name": "genre",
                "isRequired": false,
                "options": [
                  "Action",
                  "Adventure",
                  "Animation",
                  "Comedy",
                  "Crime",
                  "Documentary",
                  "Drama",
                  "Family",
                  "Fantasy",
                  "History",
                  "Horror",
                  "Mystery",
                  "Romance",
                  "Sci-Fi",
                  "Thriller"
                ],
                "optionsLimit": 1
              },
              {
                "name": "skip",
                "isRequired": false,
                "options": [],
                "optionsLimit": 1
              }
            ]
          },
          {
            "id": "trending.series",
            "type": "series",
            "name": "Trending",
            "extra": [
              {
                "name": "genre",
                "isRequired": false,
                "options": [
                  "Action &amp; Adventure",
                  "Animation",
                  "Comedy",
                  "Crime",
                  "Documentary",
                  "Drama",
                  "Family",
                  "Mystery",
                  "Reality-TV",
                  "Romance",
                  "Sci-Fi &amp; Fantasy",
                  "Soap"
                ],
                "optionsLimit": 1
              },
              {
                "name": "skip",
                "isRequired": false,
                "options": [],
                "optionsLimit": 1
              }
            ]
          },
          {
            "id": "netflix.popular_movies.movie",
            "type": "Netflix",
            "name": "Popular Movies",
            "extra": [
              {
                "name": "genre",
                "isRequired": false,
                "options": [
                  "Action",
                  "Adventure",
                  "Animation",
                  "Comedy",
                  "Crime",
                  "Documentary",
                  "Drama",
                  "Family",
                  "Fantasy",
                  "History",
                  "Horror",
                  "Mystery",
                  "Romance",
                  "Sci-Fi",
                  "Thriller"
                ],
                "optionsLimit": 1
              },
              {
                "name": "skip",
                "isRequired": false,
                "options": [],
                "optionsLimit": 1
              }
            ]
          },
          {
            "id": "netflix.popular_series.series",
            "type": "Netflix",
            "name": "Popular Series",
            "extra": [
              {
                "name": "genre",
                "isRequired": false,
                "options": [
                  "Action &amp; Adventure",
                  "Animation",
                  "Comedy",
                  "Crime",
                  "Documentary",
                  "Drama",
                  "Family",
                  "Mystery",
                  "Reality-TV",
                  "Sci-Fi &amp; Fantasy",
                  "Soap"
                ],
                "optionsLimit": 1
              },
              {
                "name": "skip",
                "isRequired": false,
                "options": [],
                "optionsLimit": 1
              }
            ]
          },
          {
            "id": "netflix.new_movies.movie",
            "type": "Netflix",
            "name": "New Movies",
            "extra": [
              {
                "name": "genre",
                "isRequired": false,
                "options": [
                  "2024",
                  "2023",
                  "2022",
                  "2021",
                  "2020",
                  "2019",
                  "2018",
                  "2017",
                  "2016",
                  "2015",
                  "2014",
                  "2013",
                  "2012",
                  "2011",
                  "2010",
                  "2009",
                  "2008",
                  "2007",
                  "2006",
                  "2005",
                  "2004",
                  "2003",
                  "2002",
                  "2001",
                  "2000",
                  "1999",
                  "1998",
                  "1997",
                  "1995",
                  "1994",
                  "1993",
                  "1992",
                  "1991",
                  "1990",
                  "1989",
                  "1988",
                  "1986",
                  "1985",
                  "1984",
                  "1982",
                  "1981",
                  "1980",
                  "1979",
                  "1977",
                  "1975",
                  "1974",
                  "1973",
                  "1972"
                ],
                "optionsLimit": 1
              },
              {
                "name": "skip",
                "isRequired": false,
                "options": [],
                "optionsLimit": 1
              }
            ]
          },
          {
            "id": "netflix.new_series.series",
            "type": "Netflix",
            "name": "New Series",
            "extra": [
              {
                "name": "genre",
                "isRequired": false,
                "options": [
                  "2024",
                  "2023",
                  "2022",
                  "2021",
                  "2020",
                  "2019",
                  "2018",
                  "2017",
                  "2016",
                  "2015",
                  "2014",
                  "2013",
                  "2012",
                  "2011",
                  "2010",
                  "2009",
                  "2008",
                  "2007",
                  "2006",
                  "2005",
                  "2004",
                  "2003",
                  "2002",
                  "2001",
                  "2000",
                  "1999",
                  "1998",
                  "1997",
                  "1996",
                  "1995",
                  "1994",
                  "1993",
                  "1992",
                  "1991",
                  "1989",
                  "1984",
                  "1981",
                  "1977",
                  "1969"
                ],
                "optionsLimit": 1
              },
              {
                "name": "skip",
                "isRequired": false,
                "options": [],
                "optionsLimit": 1
              }
            ]
          },
          {
            "id": "disney_plus.popular_movies.movie",
            "type": "Disney Plus",
            "name": "Popular Movies",
            "extra": [
              {
                "name": "genre",
                "isRequired": false,
                "options": [
                  "Action",
                  "Adventure",
                  "Animation",
                  "Comedy",
                  "Crime",
                  "Documentary",
                  "Drama",
                  "Family",
                  "Fantasy",
                  "History",
                  "Horror",
                  "Mystery",
                  "Romance",
                  "Sci-Fi",
                  "Thriller"
                ],
                "optionsLimit": 1
              },
              {
                "name": "skip",
                "isRequired": false,
                "options": [],
                "optionsLimit": 1
              }
            ]
          },
          {
            "id": "disney_plus.popular_series.series",
            "type": "Disney Plus",
            "name": "Popular Series",
            "extra": [
              {
                "name": "genre",
                "isRequired": false,
                "options": [
                  "Action &amp; Adventure",
                  "Animation",
                  "Comedy",
                  "Crime",
                  "Documentary",
                  "Drama",
                  "Family",
                  "Mystery",
                  "Reality-TV",
                  "Sci-Fi &amp; Fantasy",
                  "Soap"
                ],
                "optionsLimit": 1
              },
              {
                "name": "skip",
                "isRequired": false,
                "options": [],
                "optionsLimit": 1
              }
            ]
          },
          {
            "id": "disney_plus.new_movies.movie",
            "type": "Disney Plus",
            "name": "New Movies",
            "extra": [
              {
                "name": "genre",
                "isRequired": false,
                "options": [
                  "2024",
                  "2023",
                  "2022",
                  "2021",
                  "2020",
                  "2019",
                  "2018",
                  "2017",
                  "2016",
                  "2015",
                  "2014",
                  "2013",
                  "2012",
                  "2011",
                  "2010",
                  "2009",
                  "2008",
                  "2007",
                  "2006",
                  "2005",
                  "2004",
                  "2003",
                  "2002",
                  "2001",
                  "2000",
                  "1999",
                  "1998",
                  "1997",
                  "1996",
                  "1995",
                  "1994",
                  "1993",
                  "1992",
                  "1991",
                  "1990",
                  "1989",
                  "1988",
                  "1987",
                  "1986",
                  "1985",
                  "1984",
                  "1983",
                  "1982",
                  "1981",
                  "1980",
                  "1979",
                  "1978",
                  "1977",
                  "1976",
                  "1975",
                  "1974",
                  "1973",
                  "1972",
                  "1971",
                  "1970",
                  "1969",
                  "1968",
                  "1967",
                  "1966",
                  "1965",
                  "1964",
                  "1963",
                  "1962",
                  "1961",
                  "1960",
                  "1959",
                  "1958",
                  "1957",
                  "1956",
                  "1955",
                  "1954",
                  "1953",
                  "1952",
                  "1951",
                  "1950",
                  "1949",
                  "1948",
                  "1947",
                  "1946",
                  "1944",
                  "1943",
                  "1942",
                  "1941",
                  "1940",
                  "1939",
                  "1938",
                  "1937",
                  "1936",
                  "1935",
                  "1934",
                  "1933",
                  "1932",
                  "1930",
                  "1929",
                  "1928",
                  "1927"
                ],
                "optionsLimit": 1
              },
              {
                "name": "skip",
                "isRequired": false,
                "options": [],
                "optionsLimit": 1
              }
            ]
          },
          {
            "id": "disney_plus.new_series.series",
            "type": "Disney Plus",
            "name": "New Series",
            "extra": [
              {
                "name": "genre",
                "isRequired": false,
                "options": [
                  "2024",
                  "2023",
                  "2022",
                  "2021",
                  "2020",
                  "2019",
                  "2018",
                  "2017",
                  "2016",
                  "2015",
                  "2014",
                  "2013",
                  "2012",
                  "2011",
                  "2010",
                  "2009",
                  "2008",
                  "2007",
                  "2006",
                  "2005",
                  "2004",
                  "2003",
                  "2002",
                  "2001",
                  "2000",
                  "1999",
                  "1998",
                  "1997",
                  "1996",
                  "1995",
                  "1994",
                  "1993",
                  "1992",
                  "1991",
                  "1990",
                  "1989",
                  "1988",
                  "1987",
                  "1985",
                  "1981",
                  "1979",
                  "1976",
                  "1973",
                  "1957",
                  "1955"
                ],
                "optionsLimit": 1
              },
              {
                "name": "skip",
                "isRequired": false,
                "options": [],
                "optionsLimit": 1
              }
            ]
          },
          {
            "id": "hbo_max.popular_movies.movie",
            "type": "Hbo Max",
            "name": "Popular Movies",
            "extra": [
              {
                "name": "genre",
                "isRequired": false,
                "options": [
                  "Action",
                  "Adventure",
                  "Animation",
                  "Comedy",
                  "Crime",
                  "Documentary",
                  "Drama",
                  "Family",
                  "Fantasy",
                  "History",
                  "Horror",
                  "Mystery",
                  "Romance",
                  "Sci-Fi",
                  "Thriller"
                ],
                "optionsLimit": 1
              },
              {
                "name": "skip",
                "isRequired": false,
                "options": [],
                "optionsLimit": 1
              }
            ]
          },
          {
            "id": "hbo_max.popular_series.series",
            "type": "Hbo Max",
            "name": "Popular Series",
            "extra": [
              {
                "name": "genre",
                "isRequired": false,
                "options": [
                  "Action &amp; Adventure",
                  "Animation",
                  "Comedy",
                  "Crime",
                  "Documentary",
                  "Drama",
                  "Family",
                  "Mystery",
                  "Reality-TV",
                  "Sci-Fi &amp; Fantasy",
                  "Soap"
                ],
                "optionsLimit": 1
              },
              {
                "name": "skip",
                "isRequired": false,
                "options": [],
                "optionsLimit": 1
              }
            ]
          },
          {
            "id": "hbo_max.new_movies.movie",
            "type": "Hbo Max",
            "name": "New Movies",
            "extra": [
              {
                "name": "genre",
                "isRequired": false,
                "options": [
                  "2023",
                  "2022",
                  "2021",
                  "2020",
                  "2019",
                  "2018",
                  "2017",
                  "2016",
                  "2015",
                  "2014",
                  "2013",
                  "2012",
                  "2011",
                  "2010",
                  "2009",
                  "2008",
                  "2007",
                  "2006",
                  "2005",
                  "2004",
                  "2003",
                  "2002",
                  "2001",
                  "2000",
                  "1999",
                  "1998",
                  "1997",
                  "1996",
                  "1995",
                  "1994",
                  "1993",
                  "1992",
                  "1991",
                  "1990",
                  "1989",
                  "1988",
                  "1987",
                  "1986",
                  "1985",
                  "1984",
                  "1983",
                  "1982",
                  "1981",
                  "1980",
                  "1979",
                  "1978",
                  "1973",
                  "1971",
                  "1968",
                  "1964",
                  "1950",
                  "1943",
                  "1939",
                  "1930"
                ],
                "optionsLimit": 1
              },
              {
                "name": "skip",
                "isRequired": false,
                "options": [],
                "optionsLimit": 1
              }
            ]
          },
          {
            "id": "hbo_max.new_series.series",
            "type": "Hbo Max",
            "name": "New Series",
            "extra": [
              {
                "name": "genre",
                "isRequired": false,
                "options": [
                  "2023",
                  "2022",
                  "2021",
                  "2020",
                  "2019",
                  "2018",
                  "2017",
                  "2016",
                  "2015",
                  "2014",
                  "2013",
                  "2012",
                  "2011",
                  "2010",
                  "2009",
                  "2008",
                  "2007",
                  "2006",
                  "2005",
                  "2004",
                  "2003",
                  "2002",
                  "2001",
                  "2000",
                  "1999",
                  "1998",
                  "1997",
                  "1994",
                  "1993",
                  "1990",
                  "1986",
                  "1981",
                  "1975"
                ],
                "optionsLimit": 1
              },
              {
                "name": "skip",
                "isRequired": false,
                "options": [],
                "optionsLimit": 1
              }
            ]
          },
          {
            "id": "amazon_prime.popular_movies.movie",
            "type": "Amazon Prime",
            "name": "Popular Movies",
            "extra": [
              {
                "name": "genre",
                "isRequired": false,
                "options": [
                  "Action",
                  "Adventure",
                  "Animation",
                  "Comedy",
                  "Crime",
                  "Documentary",
                  "Drama",
                  "Family",
                  "Fantasy",
                  "History",
                  "Horror",
                  "Mystery",
                  "Romance",
                  "Sci-Fi",
                  "Thriller"
                ],
                "optionsLimit": 1
              },
              {
                "name": "skip",
                "isRequired": false,
                "options": [],
                "optionsLimit": 1
              }
            ]
          },
          {
            "id": "amazon_prime.popular_series.series",
            "type": "Amazon Prime",
            "name": "Popular Series",
            "extra": [
              {
                "name": "genre",
                "isRequired": false,
                "options": [
                  "Action &amp; Adventure",
                  "Animation",
                  "Comedy",
                  "Crime",
                  "Documentary",
                  "Drama",
                  "Family",
                  "Mystery",
                  "Reality-TV",
                  "Romance",
                  "Sci-Fi &amp; Fantasy",
                  "Soap"
                ],
                "optionsLimit": 1
              },
              {
                "name": "skip",
                "isRequired": false,
                "options": [],
                "optionsLimit": 1
              }
            ]
          },
          {
            "id": "amazon_prime.new_movies.movie",
            "type": "Amazon Prime",
            "name": "New Movies",
            "extra": [
              {
                "name": "genre",
                "isRequired": false,
                "options": [
                  "2023",
                  "2022",
                  "2021",
                  "2020",
                  "2019",
                  "2018",
                  "2017",
                  "2016",
                  "2015",
                  "2014",
                  "2013"
                ],
                "optionsLimit": 1
              },
              {
                "name": "skip",
                "isRequired": false,
                "options": [],
                "optionsLimit": 1
              }
            ]
          },
          {
            "id": "amazon_prime.new_series.series",
            "type": "Amazon Prime",
            "name": "New Series",
            "extra": [
              {
                "name": "genre",
                "isRequired": false,
                "options": [
                  "2024",
                  "2023",
                  "2022",
                  "2021",
                  "2020",
                  "2019",
                  "2018",
                  "2017",
                  "2016",
                  "2015",
                  "2014",
                  "2013",
                  "2012",
                  "2011",
                  "2010",
                  "2009",
                  "2008",
                  "2007",
                  "2006",
                  "2005",
                  "2004",
                  "2003",
                  "2002",
                  "2001",
                  "2000",
                  "1999",
                  "1998",
                  "1997",
                  "1996",
                  "1995",
                  "1994",
                  "1993",
                  "1992",
                  "1991",
                  "1990",
                  "1989",
                  "1988",
                  "1987",
                  "1986",
                  "1985",
                  "1984",
                  "1983",
                  "1982",
                  "1981",
                  "1979",
                  "1978",
                  "1977",
                  "1976",
                  "1974",
                  "1973",
                  "1971",
                  "1969",
                  "1968",
                  "1967",
                  "1966",
                  "1965",
                  "1964",
                  "1963",
                  "1962",
                  "1960",
                  "1959",
                  "1958",
                  "1955",
                  "1954",
                  "1952",
                  "1950",
                  "1949"
                ],
                "optionsLimit": 1
              },
              {
                "name": "skip",
                "isRequired": false,
                "options": [],
                "optionsLimit": 1
              }
            ]
          },
          {
            "id": "apple_tv_plus.popular_movies.movie",
            "type": "Apple Tv Plus",
            "name": "Popular Movies",
            "extra": [
              {
                "name": "genre",
                "isRequired": false,
                "options": [
                  "Action",
                  "Adventure",
                  "Animation",
                  "Comedy",
                  "Crime",
                  "Documentary",
                  "Drama",
                  "Family",
                  "Fantasy",
                  "History",
                  "Romance",
                  "Sci-Fi",
                  "Thriller"
                ],
                "optionsLimit": 1
              },
              {
                "name": "skip",
                "isRequired": false,
                "options": [],
                "optionsLimit": 1
              }
            ]
          },
          {
            "id": "apple_tv_plus.popular_series.series",
            "type": "Apple Tv Plus",
            "name": "Popular Series",
            "extra": [
              {
                "name": "genre",
                "isRequired": false,
                "options": [
                  "Action &amp; Adventure",
                  "Animation",
                  "Comedy",
                  "Crime",
                  "Documentary",
                  "Drama",
                  "Family",
                  "Mystery",
                  "Reality-TV",
                  "Sci-Fi &amp; Fantasy"
                ],
                "optionsLimit": 1
              },
              {
                "name": "skip",
                "isRequired": false,
                "options": [],
                "optionsLimit": 1
              }
            ]
          },
          {
            "id": "apple_tv_plus.new_movies.movie",
            "type": "Apple Tv Plus",
            "name": "New Movies",
            "extra": [
              {
                "name": "genre",
                "isRequired": false,
                "options": [
                  "2023",
                  "2022",
                  "2021",
                  "2020",
                  "2019",
                  "2003",
                  "2002",
                  "1992",
                  "1986",
                  "1975",
                  "1974",
                  "1973",
                  "1966",
                  "1965"
                ],
                "optionsLimit": 1
              },
              {
                "name": "skip",
                "isRequired": false,
                "options": [],
                "optionsLimit": 1
              }
            ]
          },
          {
            "id": "apple_tv_plus.new_series.series",
            "type": "Apple Tv Plus",
            "name": "New Series",
            "extra": [
              {
                "name": "genre",
                "isRequired": false,
                "options": [
                  "2024",
                  "2023",
                  "2022",
                  "2021",
                  "2020",
                  "2019",
                  "2017",
                  "2007",
                  "2004",
                  "1992",
                  "1983"
                ],
                "optionsLimit": 1
              },
              {
                "name": "skip",
                "isRequired": false,
                "options": [],
                "optionsLimit": 1
              }
            ]
          },
          {
            "id": "hulu.popular_movies.movie",
            "type": "Hulu",
            "name": "Popular Movies",
            "extra": [
              {
                "name": "genre",
                "isRequired": false,
                "options": [
                  "Action",
                  "Adventure",
                  "Animation",
                  "Comedy",
                  "Crime",
                  "Documentary",
                  "Drama",
                  "Family",
                  "Fantasy",
                  "History",
                  "Horror",
                  "Mystery",
                  "Romance",
                  "Sci-Fi",
                  "Thriller"
                ],
                "optionsLimit": 1
              },
              {
                "name": "skip",
                "isRequired": false,
                "options": [],
                "optionsLimit": 1
              }
            ]
          },
          {
            "id": "hulu.popular_series.series",
            "type": "Hulu",
            "name": "Popular Series",
            "extra": [
              {
                "name": "genre",
                "isRequired": false,
                "options": [
                  "Action &amp; Adventure",
                  "Animation",
                  "Comedy",
                  "Crime",
                  "Documentary",
                  "Drama",
                  "Family",
                  "Mystery",
                  "Reality-TV",
                  "Sci-Fi &amp; Fantasy",
                  "Soap"
                ],
                "optionsLimit": 1
              },
              {
                "name": "skip",
                "isRequired": false,
                "options": [],
                "optionsLimit": 1
              }
            ]
          },
          {
            "id": "hulu.new_movies.movie",
            "type": "Hulu",
            "name": "New Movies",
            "extra": [
              {
                "name": "genre",
                "isRequired": false,
                "options": [
                  "2024",
                  "2023",
                  "2022",
                  "2021",
                  "2020",
                  "2019",
                  "2018",
                  "2017",
                  "2016",
                  "2015",
                  "2014",
                  "2013",
                  "2012",
                  "2011",
                  "2010",
                  "2009",
                  "2008",
                  "2007",
                  "2006",
                  "2005",
                  "2004",
                  "2003",
                  "2002",
                  "2001",
                  "2000",
                  "1999",
                  "1998",
                  "1997",
                  "1996",
                  "1995",
                  "1994",
                  "1993",
                  "1992",
                  "1991",
                  "1990",
                  "1988",
                  "1987",
                  "1985",
                  "1984",
                  "1982",
                  "1981",
                  "1979",
                  "1978",
                  "1977",
                  "1965",
                  "1961",
                  "1953",
                  "1947"
                ],
                "optionsLimit": 1
              },
              {
                "name": "skip",
                "isRequired": false,
                "options": [],
                "optionsLimit": 1
              }
            ]
          },
          {
            "id": "hulu.new_series.series",
            "type": "Hulu",
            "name": "New Series",
            "extra": [
              {
                "name": "genre",
                "isRequired": false,
                "options": [
                  "2024",
                  "2023",
                  "2022",
                  "2021",
                  "2020",
                  "2019",
                  "2018",
                  "2017",
                  "2016",
                  "2015",
                  "2014",
                  "2013",
                  "2012",
                  "2011",
                  "2010",
                  "2009",
                  "2008",
                  "2007",
                  "2006",
                  "2005",
                  "2004",
                  "2003",
                  "2002",
                  "2001",
                  "2000",
                  "1999",
                  "1998",
                  "1997",
                  "1996",
                  "1995",
                  "1994",
                  "1993",
                  "1992",
                  "1991",
                  "1990",
                  "1989",
                  "1988",
                  "1987",
                  "1986",
                  "1985",
                  "1984",
                  "1983",
                  "1982",
                  "1980",
                  "1978",
                  "1977",
                  "1975",
                  "1972",
                  "1970",
                  "1968",
                  "1965",
                  "1962"
                ],
                "optionsLimit": 1
              },
              {
                "name": "skip",
                "isRequired": false,
                "options": [],
                "optionsLimit": 1
              }
            ]
          },
          {
            "id": "paramount_plus.popular_movies.movie",
            "type": "Paramount Plus",
            "name": "Popular Movies",
            "extra": [
              {
                "name": "genre",
                "isRequired": false,
                "options": [
                  "Action",
                  "Adventure",
                  "Animation",
                  "Comedy",
                  "Crime",
                  "Documentary",
                  "Drama",
                  "Family",
                  "Fantasy",
                  "History",
                  "Horror",
                  "Mystery",
                  "Romance",
                  "Sci-Fi",
                  "Thriller"
                ],
                "optionsLimit": 1
              },
              {
                "name": "skip",
                "isRequired": false,
                "options": [],
                "optionsLimit": 1
              }
            ]
          },
          {
            "id": "paramount_plus.popular_series.series",
            "type": "Paramount Plus",
            "name": "Popular Series",
            "extra": [
              {
                "name": "genre",
                "isRequired": false,
                "options": [
                  "Action &amp; Adventure",
                  "Animation",
                  "Comedy",
                  "Crime",
                  "Documentary",
                  "Drama",
                  "Family",
                  "Mystery",
                  "Reality-TV",
                  "Sci-Fi &amp; Fantasy",
                  "Soap"
                ],
                "optionsLimit": 1
              },
              {
                "name": "skip",
                "isRequired": false,
                "options": [],
                "optionsLimit": 1
              }
            ]
          },
          {
            "id": "paramount_plus.new_movies.movie",
            "type": "Paramount Plus",
            "name": "New Movies",
            "extra": [
              {
                "name": "genre",
                "isRequired": false,
                "options": [
                  "2023",
                  "2022",
                  "2021",
                  "2020",
                  "2019",
                  "2018",
                  "2017",
                  "2016",
                  "2015",
                  "2014",
                  "2013",
                  "2012",
                  "2011",
                  "2010",
                  "2009",
                  "2008",
                  "2007",
                  "2006",
                  "2005",
                  "2004",
                  "2003",
                  "2002",
                  "2001",
                  "2000",
                  "1999",
                  "1998",
                  "1997",
                  "1996",
                  "1995",
                  "1994",
                  "1993",
                  "1992",
                  "1991",
                  "1990",
                  "1989",
                  "1988",
                  "1987",
                  "1986",
                  "1985",
                  "1984",
                  "1983",
                  "1982",
                  "1981",
                  "1980",
                  "1978",
                  "1976",
                  "1975",
                  "1974",
                  "1973",
                  "1972",
                  "1971",
                  "1969",
                  "1968",
                  "1966",
                  "1964",
                  "1962",
                  "1961",
                  "1958",
                  "1956",
                  "1955",
                  "1954",
                  "1953",
                  "1952",
                  "1951"
                ],
                "optionsLimit": 1
              },
              {
                "name": "skip",
                "isRequired": false,
                "options": [],
                "optionsLimit": 1
              }
            ]
          },
          {
            "id": "paramount_plus.new_series.series",
            "type": "Paramount Plus",
            "name": "New Series",
            "extra": [
              {
                "name": "genre",
                "isRequired": false,
                "options": [
                  "2023",
                  "2022",
                  "2021",
                  "2020",
                  "2019",
                  "2018",
                  "2017",
                  "2016",
                  "2015",
                  "2014",
                  "2013",
                  "2012",
                  "2011",
                  "2010",
                  "2009",
                  "2008",
                  "2007",
                  "2006",
                  "2005",
                  "2004",
                  "2003",
                  "2002",
                  "2001",
                  "2000",
                  "1999",
                  "1998",
                  "1997",
                  "1996",
                  "1995",
                  "1994",
                  "1993",
                  "1992",
                  "1991",
                  "1990",
                  "1989",
                  "1988",
                  "1987",
                  "1985",
                  "1983",
                  "1982",
                  "1980",
                  "1978",
                  "1977",
                  "1974",
                  "1973",
                  "1970",
                  "1969",
                  "1968",
                  "1966",
                  "1960",
                  "1959",
                  "1955",
                  "1954",
                  "1951"
                ],
                "optionsLimit": 1
              },
              {
                "name": "skip",
                "isRequired": false,
                "options": [],
                "optionsLimit": 1
              }
            ]
          },
          {
            "id": "awards.oscar_winners.any",
            "type": "Awards",
            "name": "Oscar Winners",
            "extra": [
              {
                "name": "genre",
                "isRequired": false,
                "options": [
                  "2022",
                  "2021",
                  "2020",
                  "2019",
                  "2018",
                  "2017",
                  "2016",
                  "2015",
                  "2014",
                  "2013",
                  "2012",
                  "2011",
                  "2010",
                  "2009",
                  "2008",
                  "2007",
                  "2006"
                ],
                "optionsLimit": 1
              },
              {
                "name": "skip",
                "isRequired": false,
                "options": [],
                "optionsLimit": 1
              }
            ]
          },
          {
            "id": "awards.emmy_winners.any",
            "type": "Awards",
            "name": "Emmy Winners",
            "extra": [
              {
                "name": "genre",
                "isRequired": false,
                "options": [
                  "2023",
                  "2022",
                  "2021",
                  "2020",
                  "2019",
                  "2018",
                  "2017",
                  "2016"
                ],
                "optionsLimit": 1
              },
              {
                "name": "skip",
                "isRequired": false,
                "options": [],
                "optionsLimit": 1
              }
            ]
          },
          {
            "id": "awards.golden_globe_winners.any",
            "type": "Awards",
            "name": "Golden Globe Winners",
            "extra": [
              {
                "name": "genre",
                "isRequired": false,
                "options": [
                  "2023",
                  "2022",
                  "2021",
                  "2020",
                  "2019",
                  "2018",
                  "2017",
                  "2016",
                  "2015",
                  "2014",
                  "2013",
                  "2012",
                  "2011",
                  "2010",
                  "2009",
                  "2008"
                ],
                "optionsLimit": 1
              },
              {
                "name": "skip",
                "isRequired": false,
                "options": [],
                "optionsLimit": 1
              }
            ]
          },
          {
            "id": "kids.popular_movies.movie",
            "type": "Kids",
            "name": "Popular Movies",
            "extra": [
              {
                "name": "genre",
                "isRequired": false,
                "options": [
                  "Action",
                  "Adventure",
                  "Animation",
                  "Comedy",
                  "Documentary",
                  "Drama",
                  "Family",
                  "Fantasy",
                  "History",
                  "Mystery",
                  "Romance",
                  "Sci-Fi",
                  "Thriller"
                ],
                "optionsLimit": 1
              },
              {
                "name": "skip",
                "isRequired": false,
                "options": [],
                "optionsLimit": 1
              }
            ]
          },
          {
            "id": "kids.popular_series.series",
            "type": "Kids",
            "name": "Popular Series",
            "extra": [
              {
                "name": "genre",
                "isRequired": false,
                "options": [
                  "Action &amp; Adventure",
                  "Animation",
                  "Comedy",
                  "Documentary",
                  "Drama",
                  "Family",
                  "Mystery",
                  "Sci-Fi &amp; Fantasy"
                ],
                "optionsLimit": 1
              },
              {
                "name": "skip",
                "isRequired": false,
                "options": [],
                "optionsLimit": 1
              }
            ]
          },
          {
            "id": "kids.new_movies.movie",
            "type": "Kids",
            "name": "New Movies",
            "extra": [
              {
                "name": "genre",
                "isRequired": false,
                "options": [
                  "2024",
                  "2023",
                  "2022",
                  "2021",
                  "2020",
                  "2019",
                  "2018",
                  "2017",
                  "2016",
                  "2015",
                  "2014",
                  "2013",
                  "2012",
                  "2011",
                  "2010",
                  "2009",
                  "2008",
                  "2007",
                  "2006",
                  "2005",
                  "2004",
                  "2003",
                  "2002",
                  "2001",
                  "2000",
                  "1999",
                  "1998",
                  "1997",
                  "1996",
                  "1995",
                  "1994",
                  "1993",
                  "1992",
                  "1991",
                  "1990",
                  "1989",
                  "1988",
                  "1987",
                  "1986",
                  "1985",
                  "1984",
                  "1983",
                  "1982",
                  "1981",
                  "1980",
                  "1979",
                  "1978",
                  "1977",
                  "1976",
                  "1975",
                  "1974",
                  "1973",
                  "1972",
                  "1971",
                  "1970",
                  "1969",
                  "1968",
                  "1967",
                  "1966",
                  "1965",
                  "1964",
                  "1963",
                  "1962",
                  "1961",
                  "1960",
                  "1959",
                  "1958",
                  "1956",
                  "1955",
                  "1954",
                  "1953",
                  "1952",
                  "1951",
                  "1950",
                  "1949",
                  "1948",
                  "1947",
                  "1946",
                  "1944",
                  "1943",
                  "1942",
                  "1941",
                  "1940",
                  "1939",
                  "1938",
                  "1937",
                  "1936",
                  "1935",
                  "1934",
                  "1933",
                  "1932",
                  "1930",
                  "1929",
                  "1928",
                  "1927",
                  "1918"
                ],
                "optionsLimit": 1
              },
              {
                "name": "skip",
                "isRequired": false,
                "options": [],
                "optionsLimit": 1
              }
            ]
          },
          {
            "id": "kids.new_series.series",
            "type": "Kids",
            "name": "New Series",
            "extra": [
              {
                "name": "genre",
                "isRequired": false,
                "options": [
                  "2023",
                  "2022",
                  "2021",
                  "2020",
                  "2019",
                  "2018",
                  "2017",
                  "2016",
                  "2015",
                  "2014",
                  "2013",
                  "2012",
                  "2011",
                  "2010",
                  "2009",
                  "2008",
                  "2007",
                  "2006",
                  "2005",
                  "2004",
                  "2003",
                  "2002",
                  "2001",
                  "2000",
                  "1999",
                  "1998",
                  "1997",
                  "1996",
                  "1995",
                  "1994",
                  "1993",
                  "1992",
                  "1991",
                  "1990",
                  "1989",
                  "1988",
                  "1987",
                  "1986",
                  "1985",
                  "1984",
                  "1983",
                  "1982",
                  "1981",
                  "1979",
                  "1978",
                  "1977",
                  "1976",
                  "1974",
                  "1973",
                  "1972",
                  "1971",
                  "1970",
                  "1969",
                  "1968",
                  "1965",
                  "1961",
                  "1960",
                  "1958"
                ],
                "optionsLimit": 1
              },
              {
                "name": "skip",
                "isRequired": false,
                "options": [],
                "optionsLimit": 1
              }
            ]
          }
        ],
        "addonCatalogs": [],
        "behaviorHints": {
          "adult": false,
          "p2p": false,
          "configurable": true,
          "configurationRequired": false
        }
      },
      "transportUrl": "https://82d7ae415a21-llama-catalog.baby-beamup.club/c/catalogs=premieres.movie,premieres.series,trending.movie,trending.series,netflix.popular_movies.movie,netflix.popular_series.series,netflix.new_movies.movie,netflix.new_series.series,disney_plus.popular_movies.movie,disney_plus.popular_series.series,disney_plus.new_movies.movie,disney_plus.new_series.series,hbo_max.popular_movies.movie,hbo_max.popular_series.series,hbo_max.new_movies.movie,hbo_max.new_series.series,amazon_prime.popular_movies.movie,amazon_prime.popular_series.series,amazon_prime.new_movies.movie,amazon_prime.new_series.series,apple_tv_plus.popular_movies.movie,apple_tv_plus.popular_series.series,apple_tv_plus.new_movies.movie,apple_tv_plus.new_series.series,hulu.popular_movies.movie,hulu.popular_series.series,hulu.new_movies.movie,hulu.new_series.series,paramount_plus.popular_movies.movie,paramount_plus.popular_series.series,paramount_plus.new_movies.movie,paramount_plus.new_series.series,peacock_premium.popular_movies.movie,peacock_premium.popular_series.series,peacock_premium.new_movies.movie,peacock_premium.new_series.series,starz.popular_movies.movie,starz.popular_series.series,starz.new_movies.movie,starz.new_series.series,sky_showtime.popular_movies.movie,sky_showtime.popular_series.series,sky_showtime.new_movies.movie,sky_showtime.new_series.series,rakuten_tv.popular_movies.movie,rakuten_tv.popular_series.series,rakuten_tv.new_movies.movie,rakuten_tv.new_series.series,awards.oscar_winners.any,awards.emmy_winners.any,awards.golden_globe_winners.any,kids.popular_movies.movie,kids.popular_series.series,kids.new_movies.movie,kids.new_series.series,anime.trending_movies.movie,anime.trending_series.series,anime.popular_movies.movie,anime.popular_series.series,anime.new_movies.movie,anime.new_series.series,anime.winter_season.series,anime.spring_season.series,anime.summer_season.series,anime.fall_season.series,asian.popular_movies.movie,asian.popular_series.series,asian.new_movies.movie,asian.new_series.series,hayu.series,curiosity_stream.movie,curiosity_stream.series,magellan_tv.movie,magellan_tv.series,canal+.movie,canal+.series,videoland.movie,videoland.series,globo_play.movie,globo_play.series,hotstar.movie,hotstar.series,zee5.movie,zee5.series/manifest.json",
      "flags": { "official": false, "protected": false }
    }
  ]
}
