{
    "dns": "http:\/\/topserver.fun",
    "username": "131088136",
    "connections": 1,
    "password": "041698018",
    "package": "\u2705TESTE C\/ADULTOS SERVIDOR 1",
    "createdAt": "2024-06-10 01:41:56",
    "createdAtFormatted": "10\/06\/2024 01:41:56",
    "expiresAt": "2024-06-10 04:41:55",
    "expiresAtFormatted": "10\/06\/2024 04:41:55",
    "payUrl": "https:\/\/pagar.qpanel.top\/#\/checkout\/lze15GOD5K\/V01pz9EoDd",
    "reply": "\u2705 *Usu\u00e1rio:* 131088136\n\u2705 *Senha:* 041698018\n\ud83d\uddd3\ufe0f *Criado em:* 10\/06\/2024 01:41:56\n\ud83d\uddd3\ufe0f *Vencimento:* 10\/06\/2024 04:41:55\n\ud83d\udd1c URL: http:\/\/topserver.fun\n________\n*TESTE PARA TV BOX OU CELULAR:*\n\u2705 IPTV BLINK PLAYER\nLink do aplicativo na playstore\nhttps:\/\/play.google.com\/store\/apps\/details?id=com.iptvBlinkPlayer\n\n*COMO PREENCHER OS DADOS*\n\ud83d\udd1c SEU NOME\n\ud83d\udd1c URL: http:\/\/topserver.fun\n\ud83d\udd1c  *Usu\u00e1rio:* 131088136\n\ud83d\udd1c *Senha:* 041698018\n\n*COMO PREENCHER OS DADOS*\n\ud83d\udd1c SEU NOME\n\ud83d\udd1c  *Usu\u00e1rio:* 131088136\n\ud83d\udd1c *Senha:* 041698018\n\ud83d\udd1c URL: http:\/\/topserver.fun\n\n*COMO PREENCHER OS DADOS*\n\ud83d\udd1c URL: http:\/\/topserver.fun\n\ud83d\udd1c  *Usu\u00e1rio:* 131088136\n\ud83d\udd1c *Senha:* 041698018\n________\n\u2705 *APLICATIVO PR\u00d3PRIO DO SERVIDOR:*\nINSIRA O LINK NO NAVEGADOR:\n\n\u2705 PLAY TZ:\u00a0\u00a0http:\/\/aftv.news\/677041\n\n\u2705 C\u00d3DIGO DOWNLOADER:\nPLAY TZ:\u00a0\u00a0677041\n\n________\n\ud83d\udfe0 *DNS XCIPTV:* http:\/\/topserver.fun\n\ud83d\udfe0 *DNS SMARTERS:* http:\/\/topserver.fun\n\n________\nPELO NAVEGADOR, NOTBOOK, PC\n\ud83d\udfe0WEB SMARTERS: http:\/\/webtv.iptvsmarters.com\n\ud83d\udfe0WEB BLINK: http:\/\/webtv.iptvblinkplayer.com\n\n\n________\nLISTA M3U USADOS PARA APPS ( IBO PLAYER, CLOUDDY, DUPLEX, META PLAYER, BOB PLAYER, FAMILY 4K, QUICK PLAYER, SMARTONE, RIVOLUT, IPTV SMART, SMART TV CLUB. ENTRE OUTROS APLICATIVOS DE LEITURA DE ARQUIVO ATRAV\u00c9S DE M3U.) \n\n\n*Link (M3U):* http:\/\/topserver.fun\/get.php?username=131088136&password=041698018&type=m3u_plus&output=ts\n \n*Link Curto (M3U):* https:\/\/playtz.qpanel.top\/p\/131088136\/041698018\/m3u\n \n*Link (HLS):* http:\/\/topserver.fun\/get.php?username=131088136&password=041698018&type=m3u_plus&output=hls\n \n*Link Curto (HLS):* https:\/\/playtz.qpanel.top\/p\/131088136\/041698018\/hls\n \n\u2714 Link (SSIPTV): http:\/\/ssiptv.topserver.fun\/p\/131088136\/041698018\/ssiptv",
    "data": [
        {
            "message": "\u2705 *Usu\u00e1rio:* 131088136\n\u2705 *Senha:* 041698018\n\ud83d\uddd3\ufe0f *Criado em:* 10\/06\/2024 01:41:56\n\ud83d\uddd3\ufe0f *Vencimento:* 10\/06\/2024 04:41:55\n\ud83d\udd1c URL: http:\/\/topserver.fun\n________\n*TESTE PARA TV BOX OU CELULAR:*\n\u2705 IPTV BLINK PLAYER\nLink do aplicativo na playstore\nhttps:\/\/play.google.com\/store\/apps\/details?id=com.iptvBlinkPlayer\n\n*COMO PREENCHER OS DADOS*\n\ud83d\udd1c SEU NOME\n\ud83d\udd1c URL: http:\/\/topserver.fun\n\ud83d\udd1c  *Usu\u00e1rio:* 131088136\n\ud83d\udd1c *Senha:* 041698018\n\n*COMO PREENCHER OS DADOS*\n\ud83d\udd1c SEU NOME\n\ud83d\udd1c  *Usu\u00e1rio:* 131088136\n\ud83d\udd1c *Senha:* 041698018\n\ud83d\udd1c URL: http:\/\/topserver.fun\n\n*COMO PREENCHER OS DADOS*\n\ud83d\udd1c URL: http:\/\/topserver.fun\n\ud83d\udd1c  *Usu\u00e1rio:* 131088136\n\ud83d\udd1c *Senha:* 041698018\n________\n\u2705 *APLICATIVO PR\u00d3PRIO DO SERVIDOR:*\nINSIRA O LINK NO NAVEGADOR:\n\n\u2705 PLAY TZ:\u00a0\u00a0http:\/\/aftv.news\/677041\n\n\u2705 C\u00d3DIGO DOWNLOADER:\nPLAY TZ:\u00a0\u00a0677041\n\n________\n\ud83d\udfe0 *DNS XCIPTV:* http:\/\/topserver.fun\n\ud83d\udfe0 *DNS SMARTERS:* http:\/\/topserver.fun\n\n________\nPELO NAVEGADOR, NOTBOOK, PC\n\ud83d\udfe0WEB SMARTERS: http:\/\/webtv.iptvsmarters.com\n\ud83d\udfe0WEB BLINK: http:\/\/webtv.iptvblinkplayer.com\n\n\n________\nLISTA M3U USADOS PARA APPS ( IBO PLAYER, CLOUDDY, DUPLEX, META PLAYER, BOB PLAYER, FAMILY 4K, QUICK PLAYER, SMARTONE, RIVOLUT, IPTV SMART, SMART TV CLUB. ENTRE OUTROS APLICATIVOS DE LEITURA DE ARQUIVO ATRAV\u00c9S DE M3U.) \n\n\n*Link (M3U):* http:\/\/topserver.fun\/get.php?username=131088136&password=041698018&type=m3u_plus&output=ts\n \n*Link Curto (M3U):* https:\/\/playtz.qpanel.top\/p\/131088136\/041698018\/m3u\n \n*Link (HLS):* http:\/\/topserver.fun\/get.php?username=131088136&password=041698018&type=m3u_plus&output=hls\n \n*Link Curto (HLS):* https:\/\/playtz.qpanel.top\/p\/131088136\/041698018\/hls\n \n\u2714 Link (SSIPTV): http:\/\/ssiptv.topserver.fun\/p\/131088136\/041698018\/ssiptv"
        }
    ]
}