[
    {
        "image": "https://image.tmdb.org/t/p/original/stKGOm8UyhuLPR9sZLjs5AkmncA.jpg",
        "artWork": "https://image.tmdb.org/t/p/original/9h2KgGXSmWigNTn3kQdEFFngj9i.jpg",
        "title": "Divertida Mente 2",
        "subtitle": "Divertida Mente 2, da Disney e Pixar, volta a entrar na mente da agora adolescente Riley, no momento em que a Sala de Comando passa por uma repentina demoli\u00e7\u00e3o para dar lugar a algo totalmente inesperado: novas Emo\u00e7\u00f5es. Alegria, Tristeza, Raiva, Medo e Nojinho, que h\u00e1 muito tempo comandam uma opera\u00e7\u00e3o de sucesso, n\u00e3o sabem ao certo como se sentem quando a Ansiedade, a Inveja, o T\u00e9dio e a Vergonha chegam.",
        "url": "https://www.themoviedb.org/movie/1022789"
    },
    {
        "image": "https://image.tmdb.org/t/p/original/nv6F6tz7r61DUhE7zgHwLJFcTYp.jpg",
        "artWork": "https://image.tmdb.org/t/p/original/q3aYbKPczQrae0N142XHYXbWbT5.jpg",
        "title": "Assassino por Acaso",
        "subtitle": "Fingindo ser um assassino de aluguel para prender seus contratantes, o policial Gary Johnson quebra seus protocolos profissionais, assim se colocando em risco, ao salvar uma mulher de seu namorado abusivo.",
        "url": "https://www.themoviedb.org/movie/974635"
    },
    {
        "image": "https://image.tmdb.org/t/p/original/gRApXuxWmO2forYTuTmcz5RaNUV.jpg",
        "artWork": "https://image.tmdb.org/t/p/original/ak6VZDHms5T4p0eFISk336kqjR6.jpg",
        "title": "Bad Boys: At\u00e9 o Fim",
        "subtitle": "Os Bad Boys preferidos do mundo todo est\u00e3o de volta com a mistura ic\u00f4nica de a\u00e7\u00e3o eletrizante e com\u00e9dia escrachada, mas, dessa vez, com uma virada: os melhores de Miami s\u00e3o agora os mais procurados.",
        "url": "https://www.themoviedb.org/movie/573435"
    },
    {
        "image": "https://image.tmdb.org/t/p/original/xchNb8dvc8jQnPScwirwqUjIsn3.jpg",
        "artWork": "https://image.tmdb.org/t/p/original/j4KUED5qQCpmyz1Mr77coJCrndq.jpg",
        "title": "Furiosa: Uma Saga Mad Max",
        "subtitle": "Quando o mundo entra em colapso, a jovem Furiosa \u00e9 sequestrada do Green Place das Muitas M\u00e3es e cai nas m\u00e3os da horda de motoqueiros liderada pelo Senhor da Guerra Dementus. Vagando pelo deserto condenado, eles encontram a Cidadela controlada por Immortan Joe. Enquanto os dois tiranos lutam por poder e controle, Furiosa ter\u00e1 que sobreviver a muitos desafios para encontrar e trilhar o caminho de volta para casa.",
        "url": "https://www.themoviedb.org/movie/786892"
    },
    {
        "image": "https://image.tmdb.org/t/p/original/veIyxxi5Gs8gvztLEW1Ysb8rrzs.jpg",
        "artWork": "https://image.tmdb.org/t/p/original/kO6K9zEsKhNyqcrdGTSqAI6jrie.jpg",
        "title": "Godzilla e Kong: O Novo Imp\u00e9rio",
        "subtitle": "O poderoso Kong e o tem\u00edvel Godzilla se unem contra uma colossal amea\u00e7a mortal escondida no mundo dos humanos, que amea\u00e7a a exist\u00eancia de sua esp\u00e9cie e da nossa. Mergulhando profundamente nos mist\u00e9rios da Ilha da Caveira e nas origens da Terra Oca, o filme ir\u00e1 explorar a antiga batalha de Tit\u00e3s que\u00a0ajudou a forjar esses seres extraordin\u00e1rios e os ligou \u00e0 humanidade para sempre.",
        "url": "https://www.themoviedb.org/movie/823464"
    },
    {
        "image": "https://image.tmdb.org/t/p/original/hliXekHv7xc2cgXnMBLlp4Eihq8.jpg",
        "artWork": "https://image.tmdb.org/t/p/original/njsyAXtUcPjLCjOfGvtNLH4DHL2.jpg",
        "title": "Sob as \u00c1guas do Sena",
        "subtitle": "Um tubar\u00e3o gigante apareceu no rio Sena, em Paris. Para evitar a cat\u00e1strofe, uma cientista vai ter que encarar as trag\u00e9dias do pr\u00f3prio passado.",
        "url": "https://www.themoviedb.org/movie/1001311"
    },
    {
        "image": "https://image.tmdb.org/t/p/original/fY3lD0jM5AoHJMunjGWqJ0hRteI.jpg",
        "artWork": "https://image.tmdb.org/t/p/original/9XSOyim1pivuSHQqlrDj5gj2J5w.jpg",
        "title": "Godzilla Minus One",
        "subtitle": "O Jap\u00e3o do p\u00f3s-guerra est\u00e1 no seu ponto mais baixo quando surge uma nova crise sob a forma de um monstro gigante, batizado com o terr\u00edvel poder da bomba at\u00f3mica.",
        "url": "https://www.themoviedb.org/movie/940721"
    },
    {
        "image": "https://image.tmdb.org/t/p/original/z121dSTR7PY9KxKuvwiIFSYW8cf.jpg",
        "artWork": "https://image.tmdb.org/t/p/original/3Use5sOQWXL3BvcaKqUH7eQ7I53.jpg",
        "title": "Guerra Civil",
        "subtitle": "Em um futuro n\u00e3o t\u00e3o distante, quando uma guerra civil se instaura nos Estados Unidos, uma equipe pioneira de jornalistas de guerra viaja pelo pa\u00eds para registrar a dimens\u00e3o e a situa\u00e7\u00e3o de um cen\u00e1rio violento que tomou as ruas em uma r\u00e1pida escalada, envolvendo toda a na\u00e7\u00e3o. No entanto, o trabalho de registro se transforma em uma guerra de sobreviv\u00eancia quando eles tamb\u00e9m se tornam o alvo.",
        "url": "https://www.themoviedb.org/movie/929590"
    },
    {
        "image": "https://image.tmdb.org/t/p/original/H5HjE7Xb9N09rbWn1zBfxgI8uz.jpg",
        "artWork": "https://image.tmdb.org/t/p/original/7AkiDy6DVlfhJusglf6tvifX6dB.jpg",
        "title": "O Dubl\u00ea",
        "subtitle": "Colt \u00e9 um dubl\u00ea que tem uma tremenda queda pela diretora do filme que est\u00e1 filmando. As coisas come\u00e7am a dar errado quando o ator principal do filme desaparece.",
        "url": "https://www.themoviedb.org/movie/746036"
    },
    {
        "image": "https://image.tmdb.org/t/p/original/xOMo8BRK7PfcJv9JCnx7s5hj0PX.jpg",
        "artWork": "https://image.tmdb.org/t/p/original/e8pI4XkYgUMuSJ8cEFbJE18wc4e.jpg",
        "title": "Duna: Parte Dois",
        "subtitle": "A jornada de Paul Atreides continua. Ele est\u00e1 determinado a buscar vingan\u00e7a contra aqueles que destru\u00edram sua fam\u00edlia e seu lar. Com a ajuda de Chani e dos Fremen, ele embarca em uma jornada espiritual, m\u00edstica e marcial. Se torna Muad'Dib, o l\u00edder messi\u00e2nico dos Fremen, enquanto luta para evitar um futuro sombrio que ele testemunhou em vis\u00f5es. No entanto, suas a\u00e7\u00f5es inadvertidamente desencadeiam uma Guerra Santa em seu nome, que se espalha pelo universo conhecido. Enquanto enfrenta escolhas dif\u00edceis entre o amor por Chani e o destino de seu povo, Paul precisa usar suas habilidades e conhecimentos para evitar o terr\u00edvel futuro que previu.",
        "url": "https://www.themoviedb.org/movie/693134"
    },
    {
        "image": "https://image.tmdb.org/t/p/original/3TNSoa0UHGEzEz5ndXGjJVKo8RJ.jpg",
        "artWork": "https://image.tmdb.org/t/p/original/bcM2Tl5HlsvPBnL8DKP9Ie6vU4r.jpg",
        "title": "Atlas",
        "subtitle": "Uma brilhante analista em contraterrorismo n\u00e3o confia em intelig\u00eancia artificial, mas precisa us\u00e1-la quando a miss\u00e3o para capturar um rob\u00f4 rebelde d\u00e1 errado.",
        "url": "https://www.themoviedb.org/movie/614933"
    },
    {
        "image": "https://image.tmdb.org/t/p/original/tkHQ7tnYYUEnqlrKuhufIsSVToU.jpg",
        "artWork": "https://image.tmdb.org/t/p/original/tINXSJfPiVGrTZTHFz5TFDh6SeX.jpg",
        "title": "A Primeira Profecia",
        "subtitle": "Uma mulher come\u00e7a a questionar a sua pr\u00f3pria f\u00e9 quando descobre uma terr\u00edvel conspira\u00e7\u00e3o para provocar o nascimento do mal encarnado em Roma.",
        "url": "https://www.themoviedb.org/movie/437342"
    },
    {
        "image": "https://image.tmdb.org/t/p/original/fqv8v6AycXKsivp1T5yKtLbGXce.jpg",
        "artWork": "https://image.tmdb.org/t/p/original/dzDK2TMXsxrolGVdZwNGcOlZqrF.jpg",
        "title": "Planeta dos Macacos: O Reinado",
        "subtitle": "V\u00e1rias gera\u00e7\u00f5es no futuro, ap\u00f3s o reinado de C\u00e9sar, os macacos s\u00e3o agora a esp\u00e9cie dominante e vivem harmoniosamente, enquanto os humanos foram reduzidos a viver nas sombras. \u00c0 medida que um novo l\u00edder s\u00edmio tir\u00e2nico constr\u00f3i o seu imp\u00e9rio, um jovem macaco empreende uma jornada angustiante que o levar\u00e1 a questionar tudo o que sabia sobre o passado e a fazer escolhas que definir\u00e3o um futuro tanto para os macacos como para os humanos.",
        "url": "https://www.themoviedb.org/movie/653346"
    },
    {
        "image": "https://image.tmdb.org/t/p/original/oavbmL3iddJUmC8nQjL6bLHwAP4.jpg",
        "artWork": "https://image.tmdb.org/t/p/original/fGamTFPbJAAUnC2fbJbApTgi9EE.jpg",
        "title": "O Tar\u00f4 da Morte",
        "subtitle": "Quando um grupo de amigos irresponsavelmente viola a regra sagrada da leitura de tar\u00f4, a de nunca usar o deque de outra pessoa, eles libertam um mal inomin\u00e1vel que estava preso nas cartas. Um por um, eles encaram seu destino e acabam em uma corrida contra a morte para escapar do futuro previsto para eles nas cartas.",
        "url": "https://www.themoviedb.org/movie/719221"
    },
    {
        "image": "https://image.tmdb.org/t/p/original/504GSaoxBA5nLlcMsJfjzLZEKUp.jpg",
        "artWork": "https://image.tmdb.org/t/p/original/w1j3evHiwrGiQ6e9h1l9r66uo29.jpg",
        "title": "Rivais",
        "subtitle": "Tashi Duncan, atleta prod\u00edgio do t\u00eanis que se tornou treinadora, \u00e9 uma for\u00e7a da natureza que n\u00e3o pede desculpas por seu jogo dentro e fora da quadra. Casada com um campe\u00e3o que tem acumulado apenas derrotas nos \u00faltimos jogos, a estrat\u00e9gia de Tashi para a reden\u00e7\u00e3o de seu marido toma um rumo surpreendente quando ele deve enfrentar o fracassado Patrick nas quadras. Patrick foi o melhor amigo de seu marido, e \u00e9 ex-namorado de Tashi. Quando o passado e o presente entram em colis\u00e3o, e as tens\u00f5es aumentam, Tashi deve se perguntar qual ser\u00e1 o custo dessa vit\u00f3ria.",
        "url": "https://www.themoviedb.org/movie/937287"
    },
    {
        "image": "https://image.tmdb.org/t/p/original/pEm2iEVFVqbhiNwx7UAzezJ1Et4.jpg",
        "artWork": "https://image.tmdb.org/t/p/original/kiFxBuX0yQTw042MeqCuTZypfYD.jpg",
        "title": "Os Estranhos: Cap\u00edtulo 1",
        "subtitle": "A jovem Maya viaja para o campo com seu namorado para come\u00e7ar uma nova vida. Quando seu carro quebra, o casal \u00e9 for\u00e7ado a passar a noite em um Airbnb isolado na floresta, onde o casal \u00e9 aterrorizado at\u00e9 o amanhecer por tr\u00eas estranhos mascarados.",
        "url": "https://www.themoviedb.org/movie/1010600"
    },
    {
        "image": "https://image.tmdb.org/t/p/original/sNBnCmF1ueoERa4uW5kh929KkRO.jpg",
        "artWork": "https://image.tmdb.org/t/p/original/hS4GYkYpN1rfl4GIxyc02sCyfAj.jpg",
        "title": "I Saw the TV Glow",
        "subtitle": "O adolescente Owen, que est\u00e1 vivendo a sua vida normalmente, tentando sobreviver nos sub\u00farbios quando um colega apresenta a ele um misterioso e intrigante programa de TV noturno sobrenatural. Os dois adolescente, vidrados nesse programa, come\u00e7am a se distanciar e distorcer a realidade.",
        "url": "https://www.themoviedb.org/movie/858017"
    },
    {
        "image": "https://image.tmdb.org/t/p/original/hzr7GhCoWTeQQMKDR6LXhN8x9fs.jpg",
        "artWork": "https://image.tmdb.org/t/p/original/qkhZRqCWqJ376sBzD4MeAO2w4wv.jpg",
        "title": "Deadpool & Wolverine",
        "subtitle": "O irrespons\u00e1vel anti-her\u00f3i Deadpool mudar\u00e1 a hist\u00f3ria do Universo Cinematogr\u00e1fico Marvel com Wolverine.",
        "url": "https://www.themoviedb.org/movie/533535"
    },
    {
        "image": "https://image.tmdb.org/t/p/original/SI22DaQXIfDvLrNBHGpSVShrsC.jpg",
        "artWork": "https://image.tmdb.org/t/p/original/aQ2MhjWQtVOTDbqKvIkQp0xXjtv.jpg",
        "title": "Ultraman: A Ascens\u00e3o",
        "subtitle": "Um atleta de sucesso volta \u00e0 sua terra natal para assumir o papel do pai e se tornar o lend\u00e1rio Ultraman, protegendo T\u00f3quio de monstros gigantes.",
        "url": "https://www.themoviedb.org/movie/829402"
    },
    {
        "image": "https://image.tmdb.org/t/p/original/kYgQzzjNis5jJalYtIHgrom0gOx.jpg",
        "artWork": "https://image.tmdb.org/t/p/original/aNK6MA5EApIo0UJE7ZWSYcZBJKy.jpg",
        "title": "Kung Fu Panda 4",
        "subtitle": "Po est\u00e1 prestes a se tornar o novo l\u00edder espiritual do Vale da Paz, mas antes que possa fazer isso, ele deve encontrar um sucessor para se tornar o novo Drag\u00e3o Guerreiro.  Ele parece encontrar uma em Zhen, uma raposa com muitas habilidades promissoras, mas que n\u00e3o gosta muito da ideia de Po trein\u00e1-la.",
        "url": "https://www.themoviedb.org/movie/1011985"
    }
]