[
    {
        "mac_address": "BF:12:C2:A2:61:33",
        "date": "2024-12-02 13:12:54",
        "url_accessed": "http:\/\/queroassistir.top\/get.php?username=343519636&password=636594549&type=m3u_plus&output=ts"
    },
    {
        "mac_address": "1B:3F:6E:14:41:FD",
        "date": "2025-04-10 19:56:28",
        "url_accessed": "http:\/\/ztech.blog\/\/get.php?username=978828619&password=392434679&type=m3u_plus&output=ts"
    },
    {
        "mac_address": "1B:3F:6E:14:41:FD",
        "date": "2025-04-10 20:04:58",
        "url_accessed": "http:\/\/ztech.blog\/\/get.php?username=978828619&password=392434679&type=m3u_plus&output=ts"
    },
    {
        "mac_address": "1B:3F:6E:14:41:FD",
        "date": "2025-04-10 20:07:10",
        "url_accessed": "http:\/\/ztech.blog\/\/get.php?username=978828619&password=392434679&type=m3u_plus&output=ts"
    },
    {
        "mac_address": "1B:3F:6E:14:41:FD",
        "date": "2025-04-10 20:11:19",
        "url_accessed": "http:\/\/ztech.blog\/\/get.php?username=978828619&password=392434679&type=m3u_plus&output=ts"
    },
    {
        "mac_address": "1B:3F:6E:14:41:FD",
        "date": "2025-04-10 20:42:53",
        "url_accessed": "http:\/\/ztech.blog\/\/get.php?username=978828619&password=392434679&type=m3u_plus&output=ts"
    },
    {
        "mac_address": "1B:3F:6E:14:41:FD",
        "date": "2025-04-10 20:50:13",
        "url_accessed": "http:\/\/ztech.blog\/\/get.php?username=978828619&password=392434679&type=m3u_plus&output=ts"
    },
    {
        "mac_address": "1B:3F:6E:14:41:FD",
        "date": "2025-04-10 20:56:13",
        "url_accessed": "http:\/\/ztech.blog\/\/get.php?username=978828619&password=392434679&type=m3u_plus&output=ts"
    },
    {
        "mac_address": "F4:D4:84:79:4A:C9",
        "date": "2025-04-13 17:28:18",
        "url_accessed": "http:\/\/dnsdp.click\/get.php?username=338946147&password=845590891&type=m3u_plus&output=ts"
    },
    {
        "mac_address": "F4:D4:84:79:4A:C9",
        "date": "2025-04-13 17:44:19",
        "url_accessed": "http:\/\/dnsdp.click\/get.php?username=338946147&password=845590891&type=m3u_plus&output=ts"
    },
    {
        "mac_address": "F4:D4:84:79:4A:C9",
        "date": "2025-04-13 17:45:44",
        "url_accessed": "http:\/\/dnsdp.click\/get.php?username=338946147&password=845590891&type=m3u_plus&output=ts"
    },
    {
        "mac_address": "F4:D4:84:79:4A:C9",
        "date": "2025-04-14 07:54:36",
        "url_accessed": "http:\/\/dnsdp.click\/get.php?username=Gabriel250757&password=Gabriel250757@&type=m3u_plus&output=ts"
    },
    {
        "mac_address": "F4:D4:84:79:4A:C9",
        "date": "2025-04-14 08:00:10",
        "url_accessed": "http:\/\/dnsdp.click\/get.php?username=Gabriel250757&password=Gabriel250757@&type=m3u_plus&output=ts"
    },
    {
        "mac_address": "F4:D4:84:79:4A:C9",
        "date": "2025-04-14 08:08:35",
        "url_accessed": "http:\/\/dnsdp.click\/get.php?username=Gabriel250757&password=Gabriel250757@&type=m3u_plus&output=ts"
    },
    {
        "mac_address": "F4:D4:84:79:4A:C9",
        "date": "2025-04-14 08:16:06",
        "url_accessed": "http:\/\/dnsdp.click\/get.php?username=Gabriel250757&password=Gabriel250757@&type=m3u_plus&output=ts"
    },
    {
        "mac_address": "1B:3F:6E:14:41:FD",
        "date": "2025-04-14 22:23:43",
        "url_accessed": "http:\/\/ztech.blog\/\/get.php?username=544936479&password=932001651&type=m3u_plus&output=ts"
    },
    {
        "mac_address": "1B:3F:6E:14:41:FD",
        "date": "2025-04-14 22:25:18",
        "url_accessed": "http:\/\/ztech.blog\/\/get.php?username=544936479&password=932001651&type=m3u_plus&output=ts"
    },
    {
        "mac_address": "1B:3F:6E:14:41:FD",
        "date": "2025-04-14 22:26:33",
        "url_accessed": "http:\/\/ztech.blog\/\/get.php?username=544936479&password=932001651&type=m3u_plus&output=ts"
    },
    {
        "mac_address": "1B:3F:6E:14:41:FD",
        "date": "2025-04-14 22:27:03",
        "url_accessed": "http:\/\/ztech.blog\/\/get.php?username=544936479&password=932001651&type=m3u_plus&output=ts"
    },
    {
        "mac_address": "1B:3F:6E:14:41:FD",
        "date": "2025-04-14 22:30:20",
        "url_accessed": "http:\/\/ztech.blog\/\/get.php?username=544936479&password=932001651&type=m3u_plus&output=ts"
    },
    {
        "mac_address": "1B:3F:6E:14:41:FD",
        "date": "2025-04-14 22:42:35",
        "url_accessed": "http:\/\/ztech.blog\/\/get.php?username=544936479&password=932001651&type=m3u_plus&output=ts"
    },
    {
        "mac_address": "1B:3F:6E:14:41:FD",
        "date": "2025-04-14 22:48:27",
        "url_accessed": "http:\/\/ztech.blog\/\/get.php?username=544936479&password=932001651&type=m3u_plus&output=ts"
    },
    {
        "mac_address": "1B:3F:6E:14:41:FD",
        "date": "2025-04-14 22:49:55",
        "url_accessed": "http:\/\/ztech.blog\/\/get.php?username=544936479&password=932001651&type=m3u_plus&output=ts"
    },
    {
        "mac_address": "1B:3F:6E:14:41:FD",
        "date": "2025-04-14 22:53:18",
        "url_accessed": "http:\/\/ztech.blog\/\/get.php?username=544936479&password=932001651&type=m3u_plus&output=ts"
    },
    {
        "mac_address": "F4:D4:84:79:4A:C9",
        "date": "2025-04-14 22:56:09",
        "url_accessed": "http:\/\/dnsdp.click\/get.php?username=Gabriel250757&password=Gabriel250757@&type=m3u_plus&output=ts"
    },
    {
        "mac_address": "1B:3F:6E:14:41:FD",
        "date": "2025-04-14 22:57:27",
        "url_accessed": "http:\/\/ztech.blog\/\/get.php?username=544936479&password=932001651&type=m3u_plus&output=ts"
    },
    {
        "mac_address": "1B:3F:6E:14:41:FD",
        "date": "2025-04-14 22:59:09",
        "url_accessed": "http:\/\/ztech.blog\/\/get.php?username=544936479&password=932001651&type=m3u_plus&output=ts"
    },
    {
        "mac_address": "1B:3F:6E:14:41:FD",
        "date": "2025-04-14 23:03:24",
        "url_accessed": "http:\/\/ztech.blog\/\/get.php?username=544936479&password=932001651&type=m3u_plus&output=ts"
    },
    {
        "mac_address": "F4:D4:84:79:4A:C9",
        "date": "2025-04-22 09:29:12",
        "url_accessed": "http:\/\/dnsdp.click\/get.php?username=Gabriel250757&password=Gabriel250757@&type=m3u_plus&output=ts"
    },
    {
        "mac_address": "F4:D4:84:79:4A:C9",
        "date": "2025-04-25 01:54:17",
        "url_accessed": "http:\/\/dnsdp.click\/get.php?username=Gabriel250757&password=Gabriel250757@&type=m3u_plus&output=ts"
    },
    {
        "mac_address": "F4:D4:84:79:4A:C9",
        "date": "2025-04-25 01:56:44",
        "url_accessed": "http:\/\/dnsdp.click\/get.php?username=Gabriel250757&password=Gabriel250757@&type=m3u_plus&output=ts"
    },
    {
        "mac_address": "F4:D4:84:79:4A:C9",
        "date": "2025-04-25 01:57:50",
        "url_accessed": "http:\/\/dnsdp.click\/get.php?username=Gabriel250757&password=Gabriel250757@&type=m3u_plus&output=ts"
    },
    {
        "mac_address": "F4:D4:84:79:4A:C9",
        "date": "2025-04-25 01:59:29",
        "url_accessed": "http:\/\/dnsdp.click\/get.php?username=Gabriel250757&password=Gabriel250757@&type=m3u_plus&output=ts"
    },
    {
        "mac_address": "F4:D4:84:79:4A:C9",
        "date": "2025-04-25 02:04:26",
        "url_accessed": "http:\/\/dnsdp.click\/get.php?username=Gabriel250757&password=Gabriel250757@&type=m3u_plus&output=ts"
    },
    {
        "mac_address": "F4:D4:84:79:4A:C9",
        "date": "2025-04-25 02:04:56",
        "url_accessed": "http:\/\/dnsdp.click\/get.php?username=Gabriel250757&password=Gabriel250757@&type=m3u_plus&output=ts"
    },
    {
        "mac_address": "F4:D4:84:79:4A:C9",
        "date": "2025-04-25 02:05:39",
        "url_accessed": "http:\/\/dnsdp.click\/get.php?username=Gabriel250757&password=Gabriel250757@&type=m3u_plus&output=ts"
    },
    {
        "mac_address": "F4:D4:84:79:4A:C9",
        "date": "2025-04-25 02:09:23",
        "url_accessed": "http:\/\/dnsdp.click\/get.php?username=Gabriel250757&password=Gabriel250757@&type=m3u_plus&output=ts"
    },
    {
        "mac_address": "F4:D4:84:79:4A:C9",
        "date": "2025-04-25 02:11:13",
        "url_accessed": "http:\/\/dnsdp.click\/get.php?username=Gabriel250757&password=Gabriel250757@&type=m3u_plus&output=ts"
    },
    {
        "mac_address": "F4:D4:84:79:4A:C9",
        "date": "2025-04-25 02:15:31",
        "url_accessed": "http:\/\/dnsdp.click\/get.php?username=Gabriel250757&password=Gabriel250757@&type=m3u_plus&output=ts"
    },
    {
        "mac_address": "F4:D4:84:79:4A:C9",
        "date": "2025-04-25 02:36:18",
        "url_accessed": "http:\/\/dnsdp.click\/get.php?username=Gabriel250757&password=Gabriel250757@&type=m3u_plus&output=ts"
    },
    {
        "mac_address": "F4:D4:84:79:4A:C9",
        "date": "2025-04-25 02:36:30",
        "url_accessed": "http:\/\/dnsdp.click\/get.php?username=Gabriel250757&password=Gabriel250757@&type=m3u_plus&output=ts"
    },
    {
        "mac_address": "F4:D4:84:79:4A:C9",
        "date": "2025-04-25 02:36:39",
        "url_accessed": "http:\/\/dnsdp.click\/get.php?username=Gabriel250757&password=Gabriel250757@&type=m3u_plus&output=ts"
    },
    {
        "mac_address": "F4:D4:84:79:4A:C9",
        "date": "2025-04-25 02:40:08",
        "url_accessed": "http:\/\/dnsdp.click\/get.php?username=Gabriel250757&password=Gabriel250757@&type=m3u_plus&output=ts"
    },
    {
        "mac_address": "F4:D4:84:79:4A:C9",
        "date": "2025-04-25 02:49:18",
        "url_accessed": "http:\/\/dnsdp.click\/get.php?username=Gabriel250757&password=Gabriel250757@&type=m3u_plus&output=ts"
    },
    {
        "mac_address": "F4:D4:84:79:4A:C9",
        "date": "2025-04-25 02:50:10",
        "url_accessed": "http:\/\/dnsdp.click\/get.php?username=Gabriel250757&password=Gabriel250757@&type=m3u_plus&output=ts"
    },
    {
        "mac_address": "F4:D4:84:79:4A:C9",
        "date": "2025-04-25 02:54:58",
        "url_accessed": "http:\/\/dnsdp.click\/get.php?username=Gabriel250757&password=Gabriel250757@&type=m3u_plus&output=ts"
    },
    {
        "mac_address": "F4:D4:84:79:4A:C9",
        "date": "2025-04-25 03:06:29",
        "url_accessed": "http:\/\/dnsdp.click\/get.php?username=Gabriel250757&password=Gabriel250757@&type=m3u_plus&output=ts"
    },
    {
        "mac_address": "F4:D4:84:79:4A:C9",
        "date": "2025-04-25 03:06:54",
        "url_accessed": "http:\/\/dnsdp.click\/get.php?username=Gabriel250757&password=Gabriel250757@&type=m3u_plus&output=ts"
    },
    {
        "mac_address": "A9:1C:DB:9A:25:25",
        "date": "2025-05-05 16:27:02",
        "url_accessed": "http:\/\/dnsdp.click\/get.php?username=726134&password=870890&type=m3u_plus&output=ts"
    },
    {
        "mac_address": "A9:1C:DB:9A:25:25",
        "date": "2025-05-05 16:27:52",
        "url_accessed": "http:\/\/dnsdp.click\/get.php?username=726134&password=870890&type=m3u_plus&output=ts"
    },
    {
        "mac_address": "A9:1C:DB:9A:25:25",
        "date": "2025-05-05 16:29:12",
        "url_accessed": "http:\/\/dnsdp.click\/get.php?username=726134&password=870890&type=m3u_plus&output=ts"
    },
    {
        "mac_address": "A9:1C:DB:9A:25:25",
        "date": "2025-05-05 17:00:13",
        "url_accessed": "http:\/\/dnsdp.click\/get.php?username=726134&password=870890&type=m3u_plus&output=ts"
    },
    {
        "mac_address": "A9:1C:DB:9A:25:25",
        "date": "2025-05-05 17:08:21",
        "url_accessed": "http:\/\/dnsdp.click\/get.php?username=726134&password=870890&type=m3u_plus&output=ts"
    },
    {
        "mac_address": "A9:1C:DB:9A:25:25",
        "date": "2025-05-05 17:42:27",
        "url_accessed": "http:\/\/dnsdp.click\/get.php?username=726134&password=870890&type=m3u_plus&output=ts"
    },
    {
        "mac_address": "A9:1C:DB:9A:25:25",
        "date": "2025-05-05 17:48:45",
        "url_accessed": "http:\/\/dnsdp.click\/get.php?username=726134&password=870890&type=m3u_plus&output=ts"
    },
    {
        "mac_address": "A9:1C:DB:9A:25:25",
        "date": "2025-05-05 17:50:41",
        "url_accessed": "http:\/\/dnsdp.click\/get.php?username=726134&password=870890&type=m3u_plus&output=ts"
    },
    {
        "mac_address": "A9:1C:DB:9A:25:25",
        "date": "2025-05-05 17:52:15",
        "url_accessed": "http:\/\/dnsdp.click\/get.php?username=726134&password=870890&type=m3u_plus&output=ts"
    },
    {
        "mac_address": "A9:1C:DB:9A:25:25",
        "date": "2025-05-05 17:52:58",
        "url_accessed": "http:\/\/dnsdp.click\/get.php?username=726134&password=870890&type=m3u_plus&output=ts"
    },
    {
        "mac_address": "A9:1C:DB:9A:25:25",
        "date": "2025-05-05 17:54:29",
        "url_accessed": "http:\/\/dnsdp.click\/get.php?username=726134&password=870890&type=m3u_plus&output=ts"
    },
    {
        "mac_address": "A9:1C:DB:9A:25:25",
        "date": "2025-05-05 17:55:12",
        "url_accessed": "http:\/\/dnsdp.click\/get.php?username=726134&password=870890&type=m3u_plus&output=ts"
    },
    {
        "mac_address": "A9:1C:DB:9A:25:25",
        "date": "2025-05-05 17:55:33",
        "url_accessed": "http:\/\/dnsdp.click\/get.php?username=726134&password=870890&type=m3u_plus&output=ts"
    },
    {
        "mac_address": "A9:1C:DB:9A:25:25",
        "date": "2025-05-05 17:56:16",
        "url_accessed": "http:\/\/dnsdp.click\/get.php?username=726134&password=870890&type=m3u_plus&output=ts"
    },
    {
        "mac_address": "A9:1C:DB:9A:25:25",
        "date": "2025-05-05 17:57:57",
        "url_accessed": "http:\/\/dnsdp.click\/get.php?username=726134&password=870890&type=m3u_plus&output=ts"
    },
    {
        "mac_address": "A9:1C:DB:9A:25:25",
        "date": "2025-05-05 17:59:24",
        "url_accessed": "http:\/\/dnsdp.click\/get.php?username=726134&password=870890&type=m3u_plus&output=ts"
    },
    {
        "mac_address": "A9:1C:DB:9A:25:25",
        "date": "2025-05-05 18:00:18",
        "url_accessed": "http:\/\/dnsdp.click\/get.php?username=726134&password=870890&type=m3u_plus&output=ts"
    },
    {
        "mac_address": "A9:1C:DB:9A:25:25",
        "date": "2025-05-05 18:01:02",
        "url_accessed": "http:\/\/dnsdp.click\/get.php?username=726134&password=870890&type=m3u_plus&output=ts"
    },
    {
        "mac_address": "A9:1C:DB:9A:25:25",
        "date": "2025-05-05 18:01:36",
        "url_accessed": "http:\/\/dnsdp.click\/get.php?username=726134&password=870890&type=m3u_plus&output=ts"
    },
    {
        "mac_address": "A9:1C:DB:9A:25:25",
        "date": "2025-05-05 18:04:12",
        "url_accessed": "http:\/\/dnsdp.click\/get.php?username=726134&password=870890&type=m3u_plus&output=ts"
    },
    {
        "mac_address": "A9:1C:DB:9A:25:25",
        "date": "2025-05-05 18:05:15",
        "url_accessed": "http:\/\/dnsdp.click\/get.php?username=726134&password=870890&type=m3u_plus&output=ts"
    },
    {
        "mac_address": "A9:1C:DB:9A:25:25",
        "date": "2025-05-05 18:24:23",
        "url_accessed": "http:\/\/dnsdp.click\/get.php?username=726134&password=870890&type=m3u_plus&output=ts"
    }
]