{
    "tag": "licV3",
    "success": "1",
    "api_ver": "1.0v",
    "which": "licV3",
    "app": {
        "id": "10",
        "appname": "XC719",
        "customerid": "XC719",
        "expire": null,
        "version_code": "719",
        "login_type": "login",
        "portal": "",
        "portal2": "",
        "portal3": "",
        "portal4": "",
        "portal5": "",
        "portal_name": "",
        "portal2_name": "",
        "portal3_name": "",
        "portal4_name": "",
        "portal5_name": "",
        "portal_vod": "no",
        "portal_series": "no",
        "apkurl": "",
        "backupurl": "",
        "apkautoupdate": "no",
        "logurl": "http:\/\/cypresstv.atwebpages.com\/cyxc719\/api\/",
        "support_email": "",
        "support_phone": "",
        "status": "ACTIVE",
        "filter_status": "No",
        "epg_mode": "yes",
        "btn_live": "Yes",
        "btn_live2": "Yes",
        "btn_live3": "Yes",
        "btn_live4": "Yes",
        "btn_live5": "Yes",
        "btn_vod": "Yes",
        "btn_vod2": "Yes",
        "btn_vod3": "Yes",
        "btn_vod4": "Yes",
        "btn_vod5": "Yes",
        "btn_epg": "Yes",
        "btn_epg2": "Yes",
        "btn_epg3": "Yes",
        "btn_epg4": "Yes",
        "btn_epg5": "Yes",
        "btn_series": "Yes",
        "btn_series2": "Yes",
        "btn_series3": "Yes",
        "btn_series4": "Yes",
        "btn_series5": "Yes",
        "btn_radio": "No",
        "btn_radio2": "No",
        "btn_radio3": "No",
        "btn_radio4": "No",
        "btn_radio5": "No",
        "btn_catchup": "Yes",
        "btn_catchup2": "Yes",
        "btn_catchup3": "Yes",
        "btn_catchup4": "Yes",
        "btn_catchup5": "Yes",
        "btn_account": "yes",
        "btn_account2": "yes",
        "btn_account3": "yes",
        "btn_account4": "yes",
        "btn_account5": "yes",
        "btn_pr": "no",
        "btn_rec": "no",
        "btn_vpn": "yes",
        "btn_noti": "yes",
        "btn_update": "yes",
        "btn_login_settings": "yes",
        "btn_login_account": "yes",
        "show_expire": "yes",
        "agent": " XCIPTV",
        "all_cat": "yes",
        "stream_type": "ts",
        "player": "EXO",
        "player_tv": "EXO",
        "player_vod": "EXO",
        "player_series": "VLC",
        "player_catchup": "VLC",
        "message_enabled": "yes",
        "announcement_enabled": "yes",
        "updateuserinfo_enabled": "yes",
        "whatsupcheck_enabled": "no",
        "login_logo": "yes",
        "ms": "yes",
        "ms2": "yes",
        "ms3": "yes",
        "ms4": "yes",
        "ms5": "yes",
        "btn_fav": "yes",
        "btn_fav2": "yes",
        "btn_fav3": "yes",
        "btn_fav4": "yes",
        "btn_fav5": "yes",
        "btn_signup": "no",
        "bjob": "no",
        "settings_app": "yes",
        "settings_account": "yes",
        "logs": null,
        "panel": "xtreamcodes",
        "epg_url": "No",
        "ovpn_url": "Yes",
        "app_language": "en",
        "load_last_channel": "no",
        "admob_banner_id": "no",
        "admob_interstitial_id": "no",
        "show_cat_count": "yes",
        "activation_url": "no",
        "mnt_message": "Maintenance Message1",
        "mnt_status": "INACTIVE",
        "mnt_expire": "2021-10-12 00:00:00",
        "theme": "theme_d",
        "new_layout": "yes",
        "language": "en",
        "signup_url": ""
    }
}