{
    "tag": "licV3",
    "success": "1",
    "api_ver": "1.0v",
    "which": "licV3",
    "app": {
        "id": "10",
        "appname": "XCIPTV",
        "customerid": "521064",
        "expire": "No Expiration",
        "version_code": "591",
        "login_type": "login",
        "portal": "http:\/\/",
        "portal2": "0",
        "portal3": "0",
        "portal4": "0",
        "portal5": "0",
        "portal_name": "EJ1",
        "portal2_name": "no",
        "portal3_name": "no",
        "portal4_name": "no",
        "portal5_name": "no",
        "portal_vod": "no",
        "portal_series": "no",
        "apkurl": "",
        "backupurl": "https:\/\/ej-rebrands.icu\/xc591\/Panel-fix\/api\/",
        "apkautoupdate": "no",
        "logurl": "https:\/\/ej-rebrands.icu\/xc591\/Panel-fix\/api\/",
        "support_email": "Website: https:\/\/t.me\/Ejrebranding",
        "support_phone": "Contact: EJ",
        "status": "ACTIVE",
        "filter_status": "No",
        "epg_mode": "yes",
        "btn_live": "Yes",
        "btn_live2": "Yes",
        "btn_live3": "Yes",
        "btn_live4": "Yes",
        "btn_live5": "Yes",
        "btn_vod": "Yes",
        "btn_vod2": "Yes",
        "btn_vod3": "Yes",
        "btn_vod4": "Yes",
        "btn_vod5": "Yes",
        "btn_epg": "Yes",
        "btn_epg2": "Yes",
        "btn_epg3": "Yes",
        "btn_epg4": "Yes",
        "btn_epg5": "Yes",
        "btn_series": "Yes",
        "btn_series2": "Yes",
        "btn_series3": "Yes",
        "btn_series4": "Yes",
        "btn_series5": "Yes",
        "btn_radio": "Yes",
        "btn_radio2": "Yes",
        "btn_radio3": "Yes",
        "btn_radio4": "Yes",
        "btn_radio5": "Yes",
        "btn_catchup": "Yes",
        "btn_catchup2": "Yes",
        "btn_catchup3": "Yes",
        "btn_catchup4": "Yes",
        "btn_catchup5": "Yes",
        "btn_account": "yes",
        "btn_account2": "yes",
        "btn_account3": "yes",
        "btn_account4": "yes",
        "btn_account5": "yes",
        "btn_pr": "yes",
        "btn_rec": "yes",
        "btn_vpn": "yes",
        "btn_noti": "yes",
        "btn_update": "yes",
        "btn_login_settings": "yes",
        "btn_login_account": "yes",
        "show_expire": "yes",
        "agent": "XCIPTV",
        "all_cat": "yes",
        "stream_type": "ts",
        "player": "EXO",
        "player_tv": "EXO",
        "player_vod": "EXO",
        "player_series": "VLC",
        "message_enabled": "no",
        "announcement_enabled": "no",
        "updateuserinfo_enabled": "yes",
        "whatsupcheck_enabled": "yes",
        "login_logo": "yes",
        "ms": "yes",
        "ms2": "yes",
        "ms3": "yes",
        "ms4": "yes",
        "ms5": "yes",
        "btn_fav": "yes",
        "btn_fav2": "yes",
        "btn_fav3": "yes",
        "btn_fav4": "yes",
        "btn_fav5": "yes",
        "btn_signup": "no",
        "bjob": "yes",
        "settings_app": "yes",
        "settings_account": "yes",
        "logs": "yes",
        "panel": "xtreamcodes",
        "epg_url": "No",
        "ovpn_url": "",
        "app_language": "en",
        "load_last_channel": "no",
        "admob_banner_id": "no",
        "admob_interstitial_id": "no",
        "show_cat_count": "yes",
        "mnt_message": "",
        "mnt_status": "INACTIVE",
        "mnt_expire": "",
        "activation_url": "no",
        "theme": "theme_d"
    }
}