{"tag":"licV3","success":"1","api_ver":"1.0v","which":"licV3","app":{"id":"1356","appname":"AHDesign","customerid":"533683","expire":"LIFETIME","version_code":"702","login_type":"login","portal":"","portal2":"","portal3":"","portal4":"","portal5":"","portal_name":"","portal2_name":"","portal3_name":"","portal4_name":"","portal5_name":"","portal_vod":"no","portal_series":"no","apkurl":"https:\/\/download.ottrun.com\/downloads\/533683\/TVAPP-5.0.1-v702.apk","backupurl":"https:\/\/api01.ottrun.com\/api3\/","logurl":"http:\/\/wbsplay.com.br/Cinefilmes\/api\/","apkautoupdate":"no","support_email":"https:\/\/t.me\/AHDESIGNS1","support_phone":"https:\/\/t.me\/AHDESIGNS1","status":"ACTIVE","filter_status":"No","epg_mode":"yes","btn_live":"Yes","btn_live2":"Yes","btn_live3":"Yes","btn_live4":"Yes","btn_live5":"Yes","btn_vod":"Yes","btn_vod2":"Yes","btn_vod3":"Yes","btn_vod4":"Yes","btn_vod5":"Yes","btn_epg":"Yes","btn_epg2":"Yes","btn_epg3":"Yes","btn_epg4":"Yes","btn_epg5":"Yes","btn_series":"Yes","btn_series2":"Yes","btn_series3":"Yes","btn_series4":"Yes","btn_series5":"Yes","btn_radio":"Yes","btn_radio2":"Yes","btn_radio3":"Yes","btn_radio4":"Yes","btn_radio5":"Yes","btn_catchup":"Yes","btn_catchup2":"Yes","btn_catchup3":"Yes","btn_catchup4":"Yes","btn_catchup5":"Yes","btn_account":"yes","btn_account2":"yes","btn_account3":"yes","btn_pr":"yes","btn_rec":"Yes","btn_vpn":"Yes","btn_noti":"Yes","btn_update":"Yes","btn_login_settings":"Yes","btn_login_account":"no","show_expire":"no","agent":"no","all_cat":"Yes","stream_type":"ts","player":"EXO","player_tv":"EXO","player_vod":"VLC","player_series":"VLC","player_catchup":"VLC","message_enabled":"yes","announcement_enabled":"yes","updateuserinfo_enabled":"yes","whatsupcheck_enabled":"no","login_logo":"Yes","ms":"yes","ms2":"yes","ms3":"yes","btn_fav":"yes","btn_fav2":"yes","btn_fav3":"yes","btn_signup":"no","bjob":"no","settings_app":"yes","settings_account":"yes","logs":"no","panel":"xtreamcodes","epg_url":"No","ovpn_url":"yes","app_language":"en","load_last_channel":"Yes","admob_banner_id":"no","admob_interstitial_id":"no","show_cat_count":"yes","activation_url":"no","mnt_message":"Maintenance Message","mnt_status":"INACTIVE","mnt_expire":"2021-01-02 23:48:43","btn_account4":"yes","btn_account5":"yes","ms4":"yes","ms5":"yes","btn_fav4":"yes","btn_fav5":"yes","theme":"new_layout"}}